,name,role,club,games-started,minutes-played,clean-sheets,goals-conceded,defensive-contribution,bonus,ict-index,saves,assists,penalties-saved,points,red-cards,own-goals,goals-scored,current-price,season_year,Performance
0,Mohamed Salah,Midfielder,Liverpool,38,3374,15,40,136,55,476.0,0,18,0,344,0,0,29,14.5,2025,278.0
1,Mohamed Salah,Midfielder,Liverpool,28,2531,8,30,0,24,346.0,0,12,0,211,0,0,18,14.5,2024,124.0
2,Mohamed Salah,Midfielder,Liverpool,37,3290,13,45,0,23,365.6,0,13,0,239,0,0,19,14.5,2023,123.0
3,Bryan Mbeumo,Midfielder,Man Utd,38,3415,9,55,273,29,340.8,0,9,0,236,0,0,20,8.0,2025,130.0
4,Bryan Mbeumo,Midfielder,Man Utd,22,1957,5,31,0,12,170.1,0,7,0,127,0,0,9,8.0,2024,44.0
5,Bryan Mbeumo,Midfielder,Man Utd,36,2905,10,39,0,19,239.5,0,9,0,150,0,0,9,8.0,2023,83.0
6,Cole Palmer,Midfielder,Chelsea,36,3193,10,41,171,35,338.0,0,10,0,214,0,0,15,10.5,2025,162.0
7,Cole Palmer,Midfielder,Chelsea,29,2617,7,46,0,32,327.8,0,13,0,244,0,0,22,10.5,2024,121.0
8,Cole Palmer,Midfielder,Chelsea,2,358,1,4,0,0,31.9,0,1,0,19,0,0,0,10.5,2023,3.0
9,Alexander Isak,Forward,Newcastle,34,2758,12,41,89,36,292.7,0,6,0,211,0,0,23,10.5,2025,164.0
10,Alexander Isak,Forward,Newcastle,27,2253,7,41,0,23,229.3,0,4,0,172,0,0,21,10.5,2024,82.0
11,Alexander Isak,Forward,Newcastle,17,1520,4,20,0,18,145.2,0,2,0,100,0,0,10,10.5,2023,69.0
12,Chris Wood,Forward,Nott'm Forest,35,2958,15,37,96,41,205.6,0,3,0,200,0,0,20,7.5,2025,193.0
13,Chris Wood,Forward,Nott'm Forest,20,1801,2,34,0,22,167.4,0,1,0,131,0,0,14,7.5,2024,54.0
14,Chris Wood,Forward,Nott'm Forest,9,807,4,9,0,7,39.3,0,0,0,53,0,0,3,7.5,2023,36.0
15,Jarrod Bowen,Forward,West Ham,34,2974,8,50,211,21,271.9,0,11,0,193,0,0,13,8.0,2025,92.0
16,Jarrod Bowen,Forward,West Ham,34,3020,5,63,0,14,247.8,0,6,0,182,0,0,16,8.0,2024,9.0
17,Jarrod Bowen,Forward,West Ham,36,3232,9,50,0,9,241.8,0,9,0,145,0,0,6,8.0,2023,27.0
18,Ollie Watkins,Forward,Aston Villa,31,2593,10,40,78,32,223.8,0,8,0,186,0,0,16,9.0,2025,135.0
19,Ollie Watkins,Forward,Aston Villa,37,3222,7,56,0,29,302.8,0,18,0,228,0,0,19,9.0,2024,98.0
20,Ollie Watkins,Forward,Aston Villa,36,3129,13,40,0,25,256.7,0,8,0,175,0,0,15,9.0,2023,121.0
21,Yoane Wissa,Forward,Brentford,34,2921,9,45,138,32,242.4,0,6,0,185,0,0,18,7.5,2025,130.0
22,Yoane Wissa,Forward,Brentford,29,2488,11,40,0,15,173.2,0,4,0,131,0,0,12,7.5,2024,65.0
23,Yoane Wissa,Forward,Brentford,16,1587,7,17,0,6,96.8,0,4,0,111,0,0,7,7.5,2023,51.0
24,Luis Díaz Marulanda,Midfielder,Liverpool,28,2393,15,21,158,21,246.4,0,7,0,183,0,0,13,8.0,2025,161.0
25,Luis Díaz Marulanda,Midfielder,Liverpool,32,2625,7,33,0,9,264.6,0,7,0,142,0,0,8,8.0,2024,47.0
26,Luis Díaz Marulanda,Midfielder,Liverpool,11,991,4,11,0,7,85.0,0,2,0,62,0,0,4,8.0,2023,38.0
27,Erling Haaland,Forward,Man City,31,2736,10,38,73,26,281.8,0,3,0,181,0,0,22,14.0,2025,123.0
28,Erling Haaland,Forward,Man City,29,2553,11,25,0,29,303.3,0,8,0,217,0,0,27,14.0,2024,166.0
29,Erling Haaland,Forward,Man City,33,2767,13,26,0,40,358.1,0,9,0,272,0,0,36,14.0,2023,223.0
30,Matheus Santos Carneiro da Cunha,Midfielder,Man Utd,29,2596,7,54,200,41,272.2,0,7,0,178,0,0,15,8.0,2025,131.0
31,Matheus Santos Carneiro da Cunha,Midfielder,Man Utd,29,2438,6,46,0,15,206.4,0,7,0,135,0,0,12,8.0,2024,36.0
32,Matheus Santos Carneiro da Cunha,Midfielder,Man Utd,12,961,5,12,0,6,45.1,0,0,0,39,0,0,2,8.0,2023,30.0
33,Bruno Borges Fernandes,Midfielder,Man Utd,35,3017,10,47,359,28,300.8,0,12,0,174,2,0,8,9.0,2025,126.0
34,Bruno Borges Fernandes,Midfielder,Man Utd,35,3118,7,52,0,24,351.3,0,9,0,166,0,0,10,9.0,2024,66.0
35,Bruno Borges Fernandes,Midfielder,Man Utd,37,3317,18,39,0,23,359.3,0,9,0,176,0,0,8,9.0,2023,134.0
36,Antoine Semenyo,Midfielder,Bournemouth,36,3202,11,41,267,14,267.8,0,7,0,165,0,0,11,7.0,2025,100.0
37,Antoine Semenyo,Midfielder,Bournemouth,25,2099,8,33,0,14,166.8,0,4,0,107,0,0,8,7.0,2024,53.0
38,Antoine Semenyo,Midfielder,Bournemouth,2,250,0,6,0,1,10.7,0,0,0,18,0,0,1,7.0,2023,-4.0
39,Morgan Rogers,Midfielder,Aston Villa,37,3115,10,40,193,15,214.3,0,11,0,161,0,0,8,7.0,2025,93.0
40,Morgan Rogers,Midfielder,Aston Villa,8,636,2,13,0,0,44.5,0,1,0,35,0,0,3,7.0,2024,-4.0
41,Jacob Murphy,Midfielder,Newcastle,31,2356,11,31,168,11,185.6,0,13,0,159,0,0,8,6.5,2025,94.0
42,Jacob Murphy,Midfielder,Newcastle,14,1184,5,21,0,4,110.0,0,8,0,82,0,0,3,6.5,2024,22.0
43,Jacob Murphy,Midfielder,Newcastle,14,1230,3,12,0,2,98.9,0,2,0,78,0,0,4,6.5,2023,21.0
44,Justin Kluivert,Midfielder,Bournemouth,29,2339,13,29,138,14,212.0,0,6,0,158,0,0,12,7.0,2025,109.0
45,Justin Kluivert,Midfielder,Bournemouth,26,1910,11,23,0,2,126.4,0,1,0,100,0,0,7,7.0,2024,42.0
46,Jordan Pickford,Goalkeeper,Everton,38,3420,12,44,0,15,107.0,122,1,2,158,0,0,0,5.5,2025,191.0
47,Jordan Pickford,Goalkeeper,Everton,38,3420,13,51,0,22,101.3,121,0,0,153,0,1,0,5.5,2024,183.0
48,Jordan Pickford,Goalkeeper,Everton,37,3330,8,57,0,10,102.0,124,1,1,124,0,0,0,5.5,2023,126.0
49,Alex Iwobi,Midfielder,Fulham,35,2981,6,45,227,16,243.0,0,6,0,156,0,0,9,6.5,2025,68.0
50,Alex Iwobi,Midfielder,Fulham,27,2331,7,41,0,9,175.9,0,2,0,102,0,0,5,6.5,2024,15.0
51,Alex Iwobi,Midfielder,Fulham,38,3379,9,56,0,9,201.3,0,8,0,126,0,0,2,6.5,2023,9.0
52,Morgan Gibbs-White,Midfielder,Nott'm Forest,34,2806,13,34,227,18,210.6,0,11,0,154,1,0,7,7.5,2025,119.0
53,Morgan Gibbs-White,Midfielder,Nott'm Forest,35,3156,5,59,0,13,235.6,0,12,0,142,0,0,5,7.5,2024,6.0
54,Morgan Gibbs-White,Midfielder,Nott'm Forest,36,3151,8,61,0,11,221.8,0,12,0,145,0,0,5,7.5,2023,8.0
55,Joško Gvardiol,Defender,Man City,36,3278,13,41,233,15,185.0,0,0,0,153,0,0,5,6.0,2025,93.0
56,Joško Gvardiol,Defender,Man City,26,2327,9,23,0,12,129.7,0,2,0,123,0,0,4,6.0,2024,69.0
57,Anthony Elanga,Midfielder,Newcastle,31,2496,12,35,135,15,199.8,0,11,0,153,0,0,6,7.0,2025,96.0
58,Anthony Elanga,Midfielder,Newcastle,25,2424,2,47,0,5,159.2,0,9,0,119,0,0,5,7.0,2024,-19.0
59,Anthony Elanga,Midfielder,Newcastle,5,417,2,2,0,0,28.7,0,1,0,23,0,0,0,7.0,2023,12.0
60,Leandro Trossard,Midfielder,Arsenal,28,2546,11,27,158,18,202.1,0,8,0,152,1,0,8,7.0,2025,113.0
61,Leandro Trossard,Midfielder,Arsenal,18,1633,12,10,0,11,169.5,0,2,0,138,0,0,12,7.0,2024,107.0
62,Leandro Trossard,Midfielder,Arsenal,26,2237,8,38,0,8,225.2,0,13,0,154,0,0,8,7.0,2023,41.0
63,Jean-Philippe Mateta,Forward,Crystal Palace,33,2642,9,37,114,27,187.3,0,2,0,150,0,0,14,7.5,2025,114.0
64,Jean-Philippe Mateta,Forward,Crystal Palace,25,2274,8,44,0,22,191.9,0,7,0,165,0,0,16,7.5,2024,74.0
65,Jean-Philippe Mateta,Forward,Crystal Palace,6,748,3,10,0,3,42.5,0,0,0,41,0,0,2,7.5,2023,15.0
66,Matz Sels,Goalkeeper,Nott'm Forest,38,3420,13,46,0,11,96.7,120,1,0,150,0,0,0,5.0,2025,164.0
67,Matz Sels,Goalkeeper,Nott'm Forest,16,1440,1,27,0,1,30.3,37,0,0,34,0,0,0,5.0,2024,8.0
68,Kevin Schade,Midfielder,Brentford,26,2281,10,34,161,12,183.3,0,4,0,149,0,0,11,7.0,2025,79.0
69,Kevin Schade,Midfielder,Brentford,3,327,1,5,0,2,26.2,0,2,0,33,0,0,2,7.0,2024,11.0
70,Kevin Schade,Midfielder,Brentford,7,723,3,7,0,0,39.8,0,1,0,29,0,0,0,7.0,2023,10.0
71,Ismaïla Sarr,Midfielder,Crystal Palace,30,2708,10,39,190,14,215.9,0,7,0,149,0,0,8,6.5,2025,82.0
72,Eberechi Eze,Midfielder,Crystal Palace,31,2588,10,34,204,15,222.4,0,8,0,148,0,0,8,7.5,2025,96.0
73,Eberechi Eze,Midfielder,Crystal Palace,24,2054,8,28,0,11,228.7,0,5,0,136,0,0,11,7.5,2024,61.0
74,Eberechi Eze,Midfielder,Crystal Palace,30,2631,9,35,0,21,217.0,0,5,0,159,0,0,10,7.5,2023,88.0
75,Raúl Jiménez Rodríguez,Forward,Fulham,30,2486,7,37,153,26,199.7,0,3,0,147,0,0,12,6.5,2025,104.0
76,Raúl Jiménez Rodríguez,Forward,Fulham,18,1390,4,29,0,13,95.1,0,0,0,72,1,0,7,6.5,2024,21.0
77,Raúl Jiménez Rodríguez,Forward,Fulham,8,839,2,18,0,0,46.7,0,2,0,29,0,0,0,6.5,2023,-14.0
78,Mitoma Kaoru,Midfielder,Brighton,28,2597,6,40,168,12,210.7,0,5,0,145,0,0,10,6.5,2025,54.0
79,Mitoma Kaoru,Midfielder,Brighton,15,1485,1,27,0,7,134.0,0,7,0,74,0,0,3,6.5,2024,5.0
80,Mitoma Kaoru,Midfielder,Brighton,24,2311,8,35,0,11,200.4,0,9,0,138,0,0,7,6.5,2023,50.0
81,Nikola Milenković,Defender,Nott'm Forest,37,3330,13,45,310,2,127.2,0,2,0,145,0,0,5,5.5,2025,55.0
82,Jørgen Strand Larsen,Forward,Wolves,30,2587,7,52,91,17,179.5,0,4,0,145,0,0,14,6.5,2025,44.0
83,Virgil van Dijk,Defender,Liverpool,37,3330,14,38,300,8,143.7,0,1,0,143,0,0,3,6.0,2025,87.0
84,Virgil van Dijk,Defender,Liverpool,36,3177,9,40,0,8,153.8,0,2,0,117,1,0,2,6.0,2024,24.0
85,Virgil van Dijk,Defender,Liverpool,32,2835,11,36,0,13,125.4,0,1,0,127,0,0,3,6.0,2023,57.0
86,Dominik Szoboszlai,Midfielder,Liverpool,29,2485,12,29,199,14,198.1,0,10,0,143,0,0,6,6.5,2025,109.0
87,Dominik Szoboszlai,Midfielder,Liverpool,25,2102,8,23,0,7,162.8,0,4,0,99,0,0,3,6.5,2024,47.0
88,David Raya Martín,Goalkeeper,Arsenal,38,3420,13,34,0,10,76.7,86,0,0,142,0,0,0,5.5,2025,149.0
89,David Raya Martín,Goalkeeper,Arsenal,32,2880,16,24,0,6,41.1,46,0,1,135,0,0,0,5.5,2024,129.0
90,David Raya Martín,Goalkeeper,Arsenal,38,3420,12,46,0,20,117.3,154,0,0,166,0,1,0,5.5,2023,217.0
91,Daniel Muñoz Mejía,Defender,Crystal Palace,37,3229,11,46,267,9,197.6,0,6,0,142,0,0,4,5.5,2025,64.0
92,Daniel Muñoz Mejía,Defender,Crystal Palace,16,1440,5,22,0,3,71.7,0,4,0,56,0,0,0,5.5,2024,10.0
93,Brennan Johnson,Midfielder,Spurs,24,2171,2,38,119,13,161.0,0,6,0,137,0,0,11,7.0,2025,37.0
94,Brennan Johnson,Midfielder,Spurs,26,2317,5,42,0,9,196.3,0,12,0,131,0,0,5,7.0,2024,18.0
95,Brennan Johnson,Midfielder,Spurs,33,2930,7,54,0,15,158.1,0,5,0,122,0,0,8,7.0,2023,21.0
96,Enzo Fernández,Midfielder,Chelsea,32,2943,10,37,261,11,241.3,0,8,0,135,0,0,6,6.5,2025,84.0
97,Enzo Fernández,Midfielder,Chelsea,26,2208,5,47,0,4,146.3,0,3,0,77,0,0,3,6.5,2024,-25.0
98,Enzo Fernández,Midfielder,Chelsea,18,1547,3,25,0,1,72.6,0,2,0,42,0,0,0,6.5,2023,-13.0
99,Dean Henderson,Goalkeeper,Crystal Palace,38,3420,11,51,0,8,88.6,104,0,1,135,0,0,0,5.0,2025,125.0
100,Dean Henderson,Goalkeeper,Crystal Palace,18,1620,4,30,0,2,43.7,58,0,0,48,0,2,0,5.0,2024,31.0
101,Dean Henderson,Goalkeeper,Crystal Palace,18,1620,6,31,0,12,47.5,54,0,2,82,0,0,0,5.0,2023,89.0
102,Bruno Guimarães Rodriguez Moura,Midfielder,Newcastle,38,3273,13,44,350,10,197.5,0,6,0,135,0,0,5,6.5,2025,88.0
103,Bruno Guimarães Rodriguez Moura,Midfielder,Newcastle,37,3264,10,60,0,15,241.0,0,9,0,153,0,0,7,6.5,2024,31.0
104,Bruno Guimarães Rodriguez Moura,Midfielder,Newcastle,32,2727,12,25,0,5,156.6,0,5,0,107,0,0,4,6.5,2023,62.0
105,Milos Kerkez,Defender,Liverpool,38,3336,9,45,207,10,157.3,0,6,0,134,0,0,2,6.0,2025,53.0
106,Milos Kerkez,Defender,Liverpool,22,1966,6,37,0,1,67.7,0,2,0,59,1,1,0,6.0,2024,-29.0
107,Marc Cucurella Saseta,Defender,Chelsea,33,2988,9,38,191,14,137.9,0,2,0,133,1,0,5,6.0,2025,68.0
108,Marc Cucurella Saseta,Defender,Chelsea,20,1783,4,33,0,3,79.3,0,3,0,44,0,1,0,6.0,2024,-20.0
109,Marc Cucurella Saseta,Defender,Chelsea,21,1669,6,20,0,1,65.9,0,2,0,65,0,0,0,6.0,2023,13.0
110,James Maddison,Midfielder,Spurs,21,1799,6,32,140,15,187.8,0,8,0,133,0,0,9,7.0,2025,69.0
111,James Maddison,Midfielder,Spurs,26,2137,7,31,0,9,221.4,0,11,0,117,0,0,4,7.0,2024,43.0
112,James Maddison,Midfielder,Spurs,28,2479,4,54,0,9,259.7,0,9,0,135,0,0,10,7.0,2023,-5.0
113,Liam Delap,Forward,Chelsea,32,2587,3,58,109,22,157.5,0,2,0,132,0,0,12,6.5,2025,28.0
114,Mikkel Damsgaard,Midfielder,Brentford,34,2911,11,41,321,10,205.9,0,10,0,131,0,0,2,6.0,2025,80.0
115,Mikkel Damsgaard,Midfielder,Brentford,7,829,5,9,0,0,44.7,0,4,0,45,0,0,0,6.0,2024,19.0
116,Mikkel Damsgaard,Midfielder,Brentford,9,970,3,14,0,0,46.5,0,0,0,33,0,0,0,6.0,2023,-3.0
117,William Saliba,Defender,Arsenal,35,3039,12,29,216,14,94.2,0,0,0,130,1,0,2,6.0,2025,95.0
118,William Saliba,Defender,Arsenal,38,3420,18,29,0,13,99.1,0,1,0,164,0,0,2,6.0,2024,108.0
119,William Saliba,Defender,Arsenal,27,2415,12,25,0,14,74.5,0,1,0,117,0,1,2,6.0,2023,75.0
120,Harvey Barnes,Midfielder,Newcastle,17,1746,6,23,90,13,163.1,0,5,0,130,0,0,9,6.5,2025,72.0
121,Harvey Barnes,Midfielder,Newcastle,7,788,2,10,0,3,79.5,0,3,0,64,0,0,5,6.5,2024,20.0
122,Harvey Barnes,Midfielder,Newcastle,32,2709,6,51,0,0,187.7,0,2,0,138,0,0,13,6.5,2023,-20.0
123,Murillo Costa dos Santos,Defender,Nott'm Forest,36,3188,12,44,376,18,134.0,0,0,0,130,0,0,2,5.5,2025,100.0
124,Murillo Costa dos Santos,Defender,Nott'm Forest,32,2790,3,56,0,1,95.8,0,2,0,58,0,1,0,5.5,2024,-65.0
125,Amad Diallo,Midfielder,Man Utd,20,1898,7,30,176,17,193.8,0,8,0,129,0,0,8,6.5,2025,86.0
126,Amad Diallo,Midfielder,Man Utd,3,385,1,6,0,3,35.2,0,1,0,23,0,0,1,6.5,2024,10.0
127,Francisco Evanilson de Lima Barbosa,Forward,Bournemouth,28,2317,11,30,107,20,174.8,0,5,0,128,1,0,10,7.0,2025,102.0
128,Ola Aina,Defender,Nott'm Forest,35,2996,12,39,206,15,94.1,0,1,0,128,0,0,2,5.0,2025,82.0
129,Ola Aina,Defender,Nott'm Forest,20,1690,2,39,0,2,54.4,0,1,0,45,0,0,1,5.0,2024,-40.0
130,Bukayo Saka,Midfielder,Arsenal,20,1724,7,21,108,18,227.9,0,11,0,127,0,0,6,10.0,2025,100.0
131,Bukayo Saka,Midfielder,Arsenal,35,2922,16,27,0,29,375.7,0,12,0,226,0,0,16,10.0,2024,181.0
132,Bukayo Saka,Midfielder,Arsenal,37,3183,12,42,0,19,333.4,0,12,0,202,0,0,14,10.0,2023,102.0
133,Declan Rice,Midfielder,Arsenal,33,2823,11,29,297,17,208.8,0,7,0,127,1,0,4,6.5,2025,116.0
134,Declan Rice,Midfielder,Arsenal,37,3225,17,28,0,17,215.9,0,9,0,165,0,0,7,6.5,2024,130.0
135,Declan Rice,Midfielder,Arsenal,36,3272,9,50,0,12,155.5,0,3,0,116,0,0,4,6.5,2023,25.0
136,Nathan Collins,Defender,Brentford,38,3420,8,57,351,11,149.6,0,7,0,127,0,0,2,5.0,2025,43.0
137,Nathan Collins,Defender,Brentford,29,2649,7,51,0,8,98.7,0,1,0,84,0,0,1,5.0,2024,-12.0
138,Nathan Collins,Defender,Brentford,19,1811,4,37,0,6,51.5,0,0,0,49,1,0,0,5.0,2023,-21.0
139,Cody Gakpo,Midfielder,Liverpool,23,1921,5,25,136,22,180.3,0,5,0,127,0,0,10,7.5,2025,98.0
140,Cody Gakpo,Midfielder,Liverpool,17,1633,5,20,0,12,157.1,0,5,0,106,0,0,8,7.5,2024,58.0
141,Cody Gakpo,Midfielder,Liverpool,17,1455,6,19,0,4,112.3,0,3,0,90,0,0,7,7.5,2023,33.0
142,Robert Lynch Sánchez,Goalkeeper,Chelsea,32,2880,10,34,0,11,77.5,95,0,1,126,0,0,0,5.0,2025,148.0
143,Robert Lynch Sánchez,Goalkeeper,Chelsea,16,1433,3,25,0,7,45.2,53,0,1,59,0,0,0,5.0,2024,63.0
144,Robert Lynch Sánchez,Goalkeeper,Chelsea,23,2070,6,30,0,10,43.9,48,0,1,82,0,0,0,5.0,2023,77.0
145,João Pedro Junqueira de Jesus,Forward,Chelsea,23,1946,6,28,96,26,166.0,0,6,0,126,1,0,10,7.5,2025,100.0
146,João Pedro Junqueira de Jesus,Forward,Chelsea,19,2037,5,38,0,12,213.4,0,3,0,104,0,0,9,7.5,2024,25.0
147,Tomáš Souček,Midfielder,West Ham,30,2563,7,44,234,15,154.0,0,2,0,126,0,0,9,6.0,2025,59.0
148,Tomáš Souček,Midfielder,West Ham,34,2867,5,64,0,9,150.3,0,2,0,116,0,0,7,6.0,2024,-30.0
149,Tomáš Souček,Midfielder,West Ham,32,2811,8,42,0,6,127.1,0,4,0,100,0,0,2,6.0,2023,11.0
150,Gabriel Martinelli Silva,Midfielder,Arsenal,25,2284,10,25,122,6,206.1,0,4,0,125,0,0,8,7.0,2025,70.0
151,Gabriel Martinelli Silva,Midfielder,Arsenal,24,2010,10,23,0,6,200.8,0,5,0,118,0,0,6,7.0,2024,57.0
152,Gabriel Martinelli Silva,Midfielder,Arsenal,34,2789,14,33,0,18,298.1,0,9,0,198,0,0,15,7.0,2023,119.0
153,Danny Welbeck,Forward,Brighton,24,2109,7,37,95,21,155.8,0,5,0,125,0,0,10,6.5,2025,77.0
154,Danny Welbeck,Forward,Brighton,21,1687,8,28,0,5,114.0,0,4,0,79,0,0,5,6.5,2024,26.0
155,Danny Welbeck,Forward,Brighton,21,1844,6,28,0,5,155.4,0,5,0,91,0,0,6,6.5,2023,23.0
156,Rayan Aït-Nouri,Defender,Man City,37,3112,7,67,187,13,191.0,0,7,0,125,1,0,4,6.0,2025,3.0
157,Rayan Aït-Nouri,Defender,Man City,29,2327,3,43,0,6,107.7,0,3,0,77,0,0,2,6.0,2024,-19.0
158,Rayan Aït-Nouri,Defender,Man City,9,1067,4,18,0,0,48.9,0,0,0,41,0,1,1,6.0,2023,-9.0
159,Anthony Gordon,Midfielder,Newcastle,28,2428,10,33,143,9,196.8,0,6,0,124,0,0,6,7.5,2025,66.0
160,Anthony Gordon,Midfielder,Newcastle,34,2896,12,48,0,14,256.7,0,16,0,183,1,0,11,7.5,2024,66.0
161,Anthony Gordon,Midfielder,Newcastle,16,1574,4,18,0,5,108.8,0,0,0,68,0,0,4,7.5,2023,23.0
162,Tyrick Mitchell,Defender,Crystal Palace,37,3090,12,46,217,4,136.2,0,6,0,123,0,0,0,5.0,2025,40.0
163,Tyrick Mitchell,Defender,Crystal Palace,37,3204,10,55,0,10,127.4,0,3,0,119,0,0,2,5.0,2024,10.0
164,Tyrick Mitchell,Defender,Crystal Palace,34,2889,8,40,0,7,89.0,0,2,0,93,1,0,0,5.0,2023,9.0
165,Alexis Mac Allister,Midfielder,Liverpool,30,2597,14,24,300,8,174.1,0,6,0,122,0,0,5,6.5,2025,113.0
166,Alexis Mac Allister,Midfielder,Liverpool,31,2600,6,34,0,12,166.2,0,5,0,109,1,0,5,6.5,2024,36.0
167,Alexis Mac Allister,Midfielder,Liverpool,31,2882,10,45,0,18,221.3,0,2,0,140,0,1,10,6.5,2023,56.0
168,Youri Tielemans,Midfielder,Aston Villa,35,3025,7,46,314,15,209.6,0,7,0,121,0,0,3,6.0,2025,67.0
169,Youri Tielemans,Midfielder,Aston Villa,17,1613,4,27,0,2,83.3,0,6,0,77,0,0,2,6.0,2024,1.0
170,Youri Tielemans,Midfielder,Aston Villa,27,2341,6,49,0,6,122.1,0,3,0,86,0,0,3,6.0,2023,-17.0
171,Nicolas Jackson,Forward,Chelsea,28,2220,11,24,90,17,187.4,0,6,0,121,1,0,10,6.5,2025,103.0
172,Nicolas Jackson,Forward,Chelsea,31,2801,9,48,0,12,237.7,0,6,0,142,0,0,14,6.5,2024,41.0
173,Vitalii Mykolenko,Defender,Everton,35,3082,11,39,252,9,115.2,0,3,0,121,0,0,1,5.0,2025,66.0
174,Vitalii Mykolenko,Defender,Everton,28,2469,9,37,0,9,96.8,0,1,0,101,0,0,2,5.0,2024,28.0
175,Vitalii Mykolenko,Defender,Everton,30,2653,7,46,0,4,93.4,0,1,0,75,0,0,0,5.0,2023,-16.0
176,Noni Madueke,Midfielder,Arsenal,27,2028,6,28,129,12,195.3,0,5,0,120,0,0,7,7.0,2025,63.0
177,Noni Madueke,Midfielder,Arsenal,13,1044,4,19,0,7,102.8,0,3,0,76,0,0,5,7.0,2024,26.0
178,Noni Madueke,Midfielder,Arsenal,7,639,0,13,0,2,55.0,0,0,0,26,0,0,1,7.0,2023,-9.0
179,André Onana,Goalkeeper,Man Utd,34,3060,9,44,0,8,74.7,90,0,1,120,0,0,0,5.0,2025,111.0
180,André Onana,Goalkeeper,Man Utd,38,3420,9,58,0,10,120.2,149,0,0,133,0,0,0,5.0,2024,148.0
181,Fabian Schär,Defender,Newcastle,33,2935,11,42,239,4,119.6,0,2,0,118,1,0,4,5.5,2025,39.0
182,Fabian Schär,Defender,Newcastle,35,3055,9,58,0,12,127.4,0,3,0,123,0,0,4,5.5,2024,7.0
183,Fabian Schär,Defender,Newcastle,36,3207,15,28,0,6,147.1,0,3,0,139,0,1,1,5.5,2023,68.0
184,Aaron Wan-Bissaka,Defender,West Ham,35,3154,6,59,258,15,152.7,0,6,0,118,0,1,2,4.5,2025,25.0
185,Aaron Wan-Bissaka,Defender,West Ham,20,1778,3,34,0,5,65.5,0,2,0,47,0,0,0,4.5,2024,-16.0
186,Aaron Wan-Bissaka,Defender,West Ham,16,1432,8,10,0,3,65.5,0,0,0,67,0,0,0,4.5,2023,43.0
187,Gabriel dos Santos Magalhães,Defender,Arsenal,28,2363,10,22,159,9,108.2,0,2,0,117,0,0,3,6.0,2025,80.0
188,Gabriel dos Santos Magalhães,Defender,Arsenal,34,3042,16,26,0,8,117.9,0,1,0,149,0,1,3,6.0,2024,81.0
189,Gabriel dos Santos Magalhães,Defender,Arsenal,38,3409,14,43,0,15,127.7,0,0,0,146,0,0,3,6.0,2023,68.0
190,Dejan Kulusevski,Midfielder,Spurs,27,2386,6,41,193,9,218.7,0,4,0,117,0,0,7,6.5,2025,37.0
191,Dejan Kulusevski,Midfielder,Spurs,31,2759,8,46,0,14,260.1,0,3,0,130,0,0,8,6.5,2024,36.0
192,Dejan Kulusevski,Midfielder,Spurs,23,2062,8,40,0,5,156.0,0,7,0,96,0,0,2,6.5,2023,8.0
193,Martin Ødegaard,Midfielder,Arsenal,26,2321,11,21,127,11,198.8,0,9,0,116,0,0,3,8.0,2025,96.0
194,Martin Ødegaard,Midfielder,Arsenal,35,3098,19,23,0,26,317.0,0,11,0,186,0,0,8,8.0,2024,180.0
195,Martin Ødegaard,Midfielder,Arsenal,37,3132,13,38,0,30,304.9,0,8,0,212,0,0,15,8.0,2023,145.0
196,Marc Guéhi,Defender,Crystal Palace,34,3059,11,42,268,11,131.0,0,2,0,116,1,3,3,4.5,2025,48.0
197,Marc Guéhi,Defender,Crystal Palace,23,2020,6,32,0,6,56.1,0,1,0,66,0,0,0,4.5,2024,6.0
198,Marc Guéhi,Defender,Crystal Palace,37,3330,9,46,0,2,106.7,0,0,0,95,0,1,1,4.5,2023,-10.0
199,Bernd Leno,Goalkeeper,Fulham,38,3420,5,54,0,5,98.6,110,2,1,115,0,0,0,5.0,2025,92.0
200,Bernd Leno,Goalkeeper,Fulham,38,3420,10,61,0,15,106.7,134,0,0,133,0,1,0,5.0,2024,141.0
201,Bernd Leno,Goalkeeper,Fulham,36,3240,8,51,0,17,116.6,144,0,1,142,0,0,0,5.0,2023,179.0
202,Dan Burn,Defender,Newcastle,37,3330,13,45,286,9,115.8,0,1,0,115,0,2,1,5.0,2025,56.0
203,Dan Burn,Defender,Newcastle,32,2725,8,45,0,4,109.7,0,2,0,97,0,0,2,5.0,2024,-4.0
204,Dan Burn,Defender,Newcastle,35,3109,14,30,0,6,105.3,0,0,0,129,0,0,1,5.0,2023,60.0
205,Jurriën Timber,Defender,Arsenal,27,2415,11,21,125,9,94.2,0,3,0,114,0,0,1,5.5,2025,82.0
207,Maxence Lacroix,Defender,Crystal Palace,35,3116,11,45,347,9,111.4,0,2,0,114,0,0,1,5.0,2025,62.0
208,Iliman Ndiaye,Midfielder,Everton,29,2426,15,24,265,21,142.0,0,0,0,114,0,0,9,6.5,2025,148.0
209,Emile Smith Rowe,Midfielder,Fulham,25,2036,7,28,135,15,124.4,0,3,0,114,0,0,6,6.0,2025,73.0
210,Emile Smith Rowe,Midfielder,Fulham,3,343,3,3,0,0,25.6,0,2,0,25,0,0,0,6.0,2024,14.0
212,Alisson Becker,Goalkeeper,Liverpool,28,2508,10,29,0,9,64.0,78,0,0,112,0,0,0,5.5,2025,124.0
213,Alisson Becker,Goalkeeper,Liverpool,28,2520,8,30,0,9,68.1,83,0,0,107,0,0,0,5.5,2024,119.0
214,Alisson Becker,Goalkeeper,Liverpool,37,3330,14,43,0,15,97.6,107,1,1,162,0,0,0,5.5,2023,179.0
215,Emiliano Martínez Romero,Goalkeeper,Aston Villa,37,3195,8,47,0,6,86.0,100,0,1,111,1,0,0,5.0,2025,101.0
216,Emiliano Martínez Romero,Goalkeeper,Aston Villa,34,3015,8,48,0,19,82.2,95,0,0,115,0,2,0,5.0,2024,120.0
217,Emiliano Martínez Romero,Goalkeeper,Aston Villa,36,3139,11,38,0,15,85.7,98,0,1,135,0,1,0,5.0,2023,158.0
218,Dango Ouattara,Midfielder,Bournemouth,21,1998,7,23,196,7,187.2,0,4,0,111,0,0,7,6.0,2025,67.0
219,Dango Ouattara,Midfielder,Bournemouth,12,1214,5,24,0,3,87.8,0,2,0,56,0,0,1,6.0,2024,3.0
220,Dango Ouattara,Midfielder,Bournemouth,15,1239,1,23,0,4,82.5,0,3,0,49,0,0,1,6.0,2023,-8.0
221,Ederson Santana de Moraes,Goalkeeper,Man City,26,2320,10,26,0,9,60.9,54,4,0,111,0,0,0,5.5,2025,108.0
222,Ederson Santana de Moraes,Goalkeeper,Man City,33,2785,11,27,0,5,56.0,57,0,0,112,0,0,0,5.5,2024,102.0
223,Ederson Santana de Moraes,Goalkeeper,Man City,35,3150,11,32,0,8,52.1,46,1,0,121,0,0,0,5.5,2023,95.0
224,Bernardo Mota Veiga de Carvalho e Silva,Midfielder,Man City,29,2667,10,36,223,13,193.6,0,4,0,110,0,0,4,6.5,2025,77.0
225,Bernardo Mota Veiga de Carvalho e Silva,Midfielder,Man City,29,2576,10,26,0,20,228.0,0,9,0,141,0,0,6,6.5,2024,105.0
226,Bernardo Mota Veiga de Carvalho e Silva,Midfielder,Man City,24,2196,7,24,0,9,143.1,0,6,0,106,0,0,4,6.5,2023,51.0
227,Levi Samuels Colwill,Defender,Chelsea,35,3150,10,41,221,6,109.4,0,1,0,109,0,0,2,5.0,2025,45.0
228,Levi Samuels Colwill,Defender,Chelsea,20,1794,5,26,0,4,67.2,0,1,0,65,0,0,1,5.0,2024,7.0
229,Levi Samuels Colwill,Defender,Chelsea,13,1218,3,21,0,6,38.9,0,2,0,46,0,0,0,5.0,2023,7.0
230,Mateo Kovačić,Midfielder,Man City,25,2194,10,29,228,13,139.1,0,3,0,109,1,0,6,6.0,2025,82.0
231,Mateo Kovačić,Midfielder,Man City,16,1539,9,14,0,2,76.0,0,0,0,59,0,0,1,6.0,2024,37.0
232,Mateo Kovačić,Midfielder,Man City,17,1699,4,25,0,2,77.9,0,2,0,53,0,0,1,6.0,2023,-2.0
233,Neco Williams,Defender,Nott'm Forest,28,2588,10,31,251,8,118.0,0,3,0,109,0,0,1,5.0,2025,69.0
234,Neco Williams,Defender,Nott'm Forest,18,1630,1,33,0,2,72.8,0,1,0,39,0,0,0,5.0,2024,-34.0
235,Neco Williams,Defender,Nott'm Forest,20,1872,4,41,0,1,84.0,0,1,0,54,0,0,1,5.0,2023,-36.0
236,Dominic Solanke-Mitchell,Forward,Spurs,25,2199,4,43,89,7,142.1,0,5,0,108,0,1,9,7.5,2025,3.0
237,Dominic Solanke-Mitchell,Forward,Spurs,37,3325,10,61,0,20,272.7,0,3,0,175,0,0,19,7.5,2024,53.0
238,Dominic Solanke-Mitchell,Forward,Spurs,32,2865,8,52,0,14,185.7,0,10,0,130,0,0,6,7.5,2023,30.0
239,Christian Nørgaard,Midfielder,Arsenal,34,2820,6,45,405,7,147.9,0,5,0,107,1,0,5,5.5,2025,41.0
240,Christian Nørgaard,Midfielder,Arsenal,30,2504,6,51,0,3,121.8,0,1,0,74,0,0,2,5.5,2024,-32.0
241,Christian Nørgaard,Midfielder,Arsenal,21,1763,6,23,0,6,82.3,0,6,0,71,0,0,1,5.5,2023,29.0
242,Elliot Anderson,Midfielder,Nott'm Forest,33,2726,13,37,407,8,155.6,0,6,0,107,0,0,2,5.5,2025,90.0
243,Elliot Anderson,Midfielder,Nott'm Forest,10,1018,5,14,0,3,61.1,0,2,0,42,0,0,0,5.5,2024,18.0
244,Elliot Anderson,Midfielder,Nott'm Forest,3,395,1,7,0,2,41.5,0,1,0,30,0,0,0,5.5,2023,4.0
245,Kepa Arrizabalaga Revuelta,Goalkeeper,Arsenal,31,2790,8,39,0,7,75.8,97,0,0,106,0,0,0,4.5,2025,111.0
246,Kepa Arrizabalaga Revuelta,Goalkeeper,Arsenal,29,2565,9,33,0,15,73.3,91,0,0,118,0,0,0,4.5,2023,144.0
247,Antonee Robinson,Defender,Fulham,35,3166,5,49,289,8,185.5,0,10,0,106,0,0,0,5.0,2025,29.0
248,Antonee Robinson,Defender,Fulham,37,3266,9,60,0,8,158.6,0,6,0,104,0,2,0,5.0,2024,-19.0
249,Antonee Robinson,Defender,Fulham,35,3088,9,44,0,5,106.3,0,2,0,93,0,0,0,5.0,2023,6.0
250,Ibrahima Konaté,Defender,Liverpool,30,2561,11,28,197,4,87.6,0,2,0,106,0,0,1,5.5,2025,60.0
251,Ibrahima Konaté,Defender,Liverpool,17,1570,6,19,0,2,58.5,0,0,0,56,1,0,0,5.5,2024,9.0
252,Ibrahima Konaté,Defender,Liverpool,17,1551,7,22,0,0,46.8,0,0,0,49,0,1,0,5.5,2023,-0.0
253,Sávio Moreira de Oliveira,Midfielder,Man City,21,1760,8,25,119,15,177.3,0,11,0,106,0,0,1,7.0,2025,81.0
254,Alejandro Garnacho Ferreyra,Midfielder,Man Utd,23,2188,5,36,161,7,188.3,0,4,0,106,0,0,6,6.5,2025,29.0
255,Alejandro Garnacho Ferreyra,Midfielder,Man Utd,30,2564,8,39,0,7,224.3,0,7,0,131,0,0,7,6.5,2024,30.0
256,Alejandro Garnacho Ferreyra,Midfielder,Man Utd,5,557,0,13,0,0,50.7,0,2,0,39,0,0,3,6.5,2023,-11.0
257,Sandro Tonali,Midfielder,Newcastle,28,2625,11,34,303,10,133.5,0,2,0,106,0,0,4,5.5,2025,80.0
258,Sandro Tonali,Midfielder,Newcastle,5,437,1,5,0,0,23.8,0,0,0,16,0,0,1,5.5,2024,1.0
259,Mohammed Kudus,Midfielder,Spurs,31,2589,7,46,189,5,177.5,0,4,0,106,1,0,5,6.5,2025,12.0
260,Mohammed Kudus,Midfielder,Spurs,27,2485,3,61,0,13,170.8,0,9,0,137,0,0,8,6.5,2024,-14.0
261,James Tarkowski,Defender,Everton,33,2922,10,38,356,8,126.9,0,1,0,105,0,0,1,5.5,2025,67.0
262,James Tarkowski,Defender,Everton,38,3420,13,51,0,10,150.9,0,1,0,117,0,0,1,5.5,2024,29.0
263,James Tarkowski,Defender,Everton,38,3420,9,57,0,13,167.0,0,1,0,106,0,0,1,5.5,2023,9.0
264,Phil Foden,Midfielder,Man City,20,1771,6,24,91,10,164.2,0,3,0,105,0,0,7,8.0,2025,55.0
265,Phil Foden,Midfielder,Man City,33,2860,14,27,0,31,348.8,0,8,0,230,0,0,19,8.0,2024,177.0
266,Phil Foden,Midfielder,Man City,22,1832,5,16,0,15,210.9,0,7,0,142,0,0,11,8.0,2023,86.0
267,Tino Livramento,Defender,Newcastle,32,2835,10,40,182,6,110.1,0,1,0,105,0,0,0,5.0,2025,37.0
268,Tino Livramento,Defender,Newcastle,12,1302,2,27,0,4,58.4,0,0,0,45,0,0,1,5.0,2024,-15.0
270,Pedro Lomba Neto,Midfielder,Chelsea,24,2262,8,25,119,9,180.0,0,6,0,104,0,0,4,7.0,2025,66.0
271,Pedro Lomba Neto,Midfielder,Chelsea,18,1516,3,27,0,8,135.5,0,11,0,86,0,0,2,7.0,2024,20.0
272,Pedro Lomba Neto,Midfielder,Chelsea,13,962,5,15,0,0,60.9,0,2,0,37,0,0,0,7.0,2023,6.0
273,Ezri Konsa Ngoyo,Defender,Aston Villa,33,2936,8,45,176,10,82.4,0,0,0,103,0,0,2,4.5,2025,32.0
274,Ezri Konsa Ngoyo,Defender,Aston Villa,35,3069,7,54,0,7,95.0,0,1,0,91,0,0,1,4.5,2024,-16.0
275,Ezri Konsa Ngoyo,Defender,Aston Villa,37,3322,12,45,0,6,75.7,0,0,0,110,0,0,0,4.5,2023,21.0
276,Bart Verbruggen,Goalkeeper,Brighton,36,3240,7,58,0,6,85.8,91,1,0,103,0,0,0,4.5,2025,66.0
277,Bart Verbruggen,Goalkeeper,Brighton,21,1890,4,28,0,7,54.3,65,0,0,68,0,0,0,4.5,2024,72.0
278,Callum Hudson-Odoi,Midfielder,Nott'm Forest,25,2190,11,23,139,7,151.0,0,3,0,103,0,0,5,6.0,2025,75.0
279,Callum Hudson-Odoi,Midfielder,Nott'm Forest,20,1846,2,41,0,14,145.0,0,2,0,109,0,0,8,6.0,2024,9.0
280,Yankuba Minteh,Midfielder,Brighton,20,1831,4,33,172,8,159.1,0,5,0,102,0,0,6,6.0,2025,32.0
281,Nick Pope,Goalkeeper,Newcastle,28,2520,8,35,0,2,67.4,88,0,1,102,0,0,0,5.0,2025,98.0
282,Nick Pope,Goalkeeper,Newcastle,15,1345,6,16,0,1,32.7,43,0,0,57,0,0,0,5.0,2024,57.0
283,Nick Pope,Goalkeeper,Newcastle,37,3261,14,32,0,14,72.9,87,0,2,157,1,0,0,5.0,2023,177.0
284,Lewis Hall,Defender,Newcastle,24,2188,8,31,145,11,125.3,0,7,0,102,0,0,0,5.5,2025,58.0
285,Lewis Hall,Defender,Newcastle,8,773,2,12,0,3,34.9,0,0,0,38,0,0,1,5.5,2024,6.0
286,Lewis Hall,Defender,Newcastle,8,653,1,11,0,3,48.8,0,0,0,19,0,0,0,5.5,2023,-0.0
287,Joelinton Cássio Apolinário de Lira,Midfielder,Newcastle,29,2394,10,32,282,11,132.7,0,4,0,99,0,0,4,6.0,2025,80.0
288,Joelinton Cássio Apolinário de Lira,Midfielder,Newcastle,15,1276,3,23,0,3,81.6,0,1,0,45,0,0,2,6.0,2024,-4.0
289,Joelinton Cássio Apolinário de Lira,Midfielder,Newcastle,30,2660,11,26,0,10,167.3,0,5,0,115,0,0,6,6.0,2023,73.0
290,Moisés Caicedo Corozo,Midfielder,Chelsea,38,3351,12,42,455,4,129.2,0,4,0,98,0,0,1,5.5,2025,71.0
291,Moisés Caicedo Corozo,Midfielder,Chelsea,33,2865,7,50,0,6,108.2,0,3,0,84,0,0,1,5.5,2024,-12.0
292,Moisés Caicedo Corozo,Midfielder,Chelsea,34,3138,10,47,0,0,148.2,0,1,0,79,0,0,1,5.5,2023,-11.0
293,Pedro Porro Sauceda,Defender,Spurs,28,2606,6,47,192,6,191.2,0,6,0,98,0,0,2,5.5,2025,13.0
294,Pedro Porro Sauceda,Defender,Spurs,35,3090,7,54,0,20,208.5,0,8,0,136,0,0,3,5.5,2024,38.0
295,Pedro Porro Sauceda,Defender,Spurs,13,1132,2,26,0,5,90.9,0,3,0,59,0,0,3,5.5,2023,-5.0
296,Kai Havertz,Forward,Arsenal,21,1872,7,20,99,14,144.8,0,3,0,97,0,0,9,7.5,2025,82.0
297,Kai Havertz,Forward,Arsenal,30,2627,16,22,0,15,240.2,0,10,0,180,0,0,13,7.5,2024,135.0
298,Kai Havertz,Forward,Arsenal,30,2565,9,31,0,13,202.5,0,1,0,102,0,0,7,7.5,2023,59.0
299,İlkay Gündoğan,Midfielder,Man City,25,2218,10,28,176,5,144.2,0,7,0,97,0,0,1,6.5,2025,58.0
300,İlkay Gündoğan,Midfielder,Man City,27,2351,10,20,0,9,182.7,0,6,0,132,0,0,8,6.5,2023,80.0
301,Georginio Rutter,Midfielder,Brighton,19,1651,6,29,130,1,103.0,0,6,0,95,0,0,5,6.0,2025,20.0
302,Georginio Rutter,Midfielder,Brighton,1,263,0,9,0,0,15.5,0,1,0,15,0,0,0,6.0,2023,-13.0
303,Adama Traoré Diarra,Midfielder,Fulham,18,1756,3,28,112,8,144.6,0,8,0,95,0,0,2,5.5,2025,30.0
304,Adama Traoré Diarra,Midfielder,Fulham,1,363,0,13,0,1,41.3,0,3,0,36,0,0,2,5.5,2024,-10.0
305,Adama Traoré Diarra,Midfielder,Fulham,12,1477,2,30,0,0,91.7,0,4,0,66,0,0,2,5.5,2023,-24.0
306,Diogo Dalot Teixeira,Defender,Man Utd,31,2812,8,45,178,9,118.6,0,4,0,95,0,0,0,4.5,2025,30.0
307,Diogo Dalot Teixeira,Defender,Man Utd,35,3174,8,55,0,13,154.4,0,3,0,111,1,0,2,4.5,2024,5.0
308,Diogo Dalot Teixeira,Defender,Man Utd,24,2152,10,34,0,19,118.8,0,2,0,102,0,0,1,4.5,2023,65.0
309,Illia Zabarnyi,Defender,Bournemouth,35,3109,8,42,292,8,92.0,0,1,0,94,1,0,0,5.0,2025,39.0
310,Illia Zabarnyi,Defender,Bournemouth,37,3330,8,67,0,3,91.5,0,0,0,84,0,0,1,5.0,2024,-49.0
312,Keane Lewis-Potter,Defender,Brentford,36,3092,8,49,146,0,139.9,0,5,0,94,0,0,1,5.0,2025,-4.0
313,Keane Lewis-Potter,Defender,Brentford,15,1428,6,29,0,1,105.6,0,2,0,73,0,0,3,5.0,2024,-3.0
314,Keane Lewis-Potter,Defender,Brentford,3,313,0,4,0,0,21.9,0,1,0,14,0,0,0,5.0,2023,-2.0
315,Trevoh Chalobah,Defender,Chelsea,23,1969,6,25,176,11,84.6,0,1,0,93,0,0,3,5.0,2025,58.0
316,Trevoh Chalobah,Defender,Chelsea,10,949,3,14,0,4,33.4,0,0,0,39,0,0,1,5.0,2024,11.0
317,Trevoh Chalobah,Defender,Chelsea,18,1601,5,24,0,1,50.3,0,0,0,49,0,1,0,5.0,2023,-9.0
318,Dwight McNeil,Midfielder,Everton,15,1366,5,24,97,9,123.3,0,8,0,93,0,0,4,6.0,2025,45.0
319,Dwight McNeil,Midfielder,Everton,33,2891,12,39,0,8,212.7,0,8,0,124,0,0,3,6.0,2024,48.0
320,Dwight McNeil,Midfielder,Everton,28,2490,5,46,0,14,195.8,0,5,0,126,0,0,7,6.0,2023,21.0
321,José Malheiro de Sá,Goalkeeper,Wolves,29,2610,7,48,0,4,63.4,71,0,2,93,0,0,0,4.5,2025,63.0
322,José Malheiro de Sá,Goalkeeper,Wolves,35,3037,4,58,0,8,101.6,134,1,0,107,0,0,0,4.5,2024,101.0
323,José Malheiro de Sá,Goalkeeper,Wolves,36,3240,11,55,0,18,86.4,108,0,2,148,0,0,0,4.5,2023,156.0
324,Mikel Merino Zazón,Midfielder,Arsenal,17,1575,4,17,175,8,123.3,0,2,0,92,1,0,7,6.0,2025,54.0
325,Ryan Gravenberch,Midfielder,Liverpool,37,3160,14,35,389,1,114.7,0,4,0,92,1,0,0,5.5,2025,69.0
326,Ryan Gravenberch,Midfielder,Liverpool,12,1110,3,17,0,3,61.5,0,0,0,45,0,0,1,5.5,2024,4.0
327,Andrew Robertson,Defender,Liverpool,29,2479,10,32,106,4,124.4,0,1,0,91,1,1,0,6.0,2025,25.0
328,Andrew Robertson,Defender,Liverpool,18,1689,3,22,0,8,171.9,0,2,0,76,0,0,3,6.0,2024,23.0
329,Andrew Robertson,Defender,Liverpool,29,2579,9,34,0,10,162.3,0,8,0,121,0,0,0,6.0,2023,46.0
330,Rúben dos Santos Gato Alves Dias,Defender,Man City,25,2269,11,21,127,7,80.2,0,0,0,90,0,1,0,5.5,2025,63.0
331,Rúben dos Santos Gato Alves Dias,Defender,Man City,28,2557,9,28,0,3,101.5,0,0,0,88,0,1,0,5.5,2024,19.0
332,Rúben dos Santos Gato Alves Dias,Defender,Man City,22,1997,9,16,0,1,62.5,0,0,0,80,0,0,0,5.5,2023,36.0
333,Jean-Ricner Bellegarde,Midfielder,Wolves,20,1666,6,31,131,5,97.2,0,7,0,90,0,0,2,5.5,2025,26.0
334,Jean-Ricner Bellegarde,Midfielder,Wolves,10,948,0,24,0,1,52.2,0,2,0,45,1,0,2,5.5,2024,-31.0
335,Lucas Digne,Defender,Aston Villa,28,2348,6,36,178,7,120.7,0,5,0,89,0,0,0,4.5,2025,29.0
336,Lucas Digne,Defender,Aston Villa,27,2405,6,41,0,5,125.1,0,4,0,85,0,0,1,4.5,2024,-4.0
337,Lucas Digne,Defender,Aston Villa,18,1492,3,25,0,4,68.1,0,0,0,50,0,1,1,4.5,2023,-9.0
338,Jack Hinshelwood,Midfielder,Brighton,22,1839,6,30,146,8,97.0,0,3,0,89,0,0,5,5.5,2025,39.0
339,Jack Hinshelwood,Midfielder,Brighton,8,866,2,17,0,5,55.0,0,0,0,42,0,0,3,5.5,2024,5.0
341,Idrissa Gana Gueye,Midfielder,Everton,35,3063,12,39,418,5,96.6,0,3,0,89,0,0,0,5.5,2025,70.0
342,Idrissa Gana Gueye,Midfielder,Everton,24,1885,7,25,0,10,79.7,0,0,0,73,0,0,4,5.5,2024,39.0
343,Idrissa Gana Gueye,Midfielder,Everton,32,2577,8,45,0,1,70.6,0,1,0,66,0,0,0,5.5,2023,-21.0
344,Jarrad Branthwaite,Defender,Everton,28,2509,9,28,274,3,81.3,0,1,0,88,0,0,0,5.5,2025,52.0
345,Jarrad Branthwaite,Defender,Everton,35,3116,12,44,0,10,104.3,0,1,0,124,0,0,3,5.5,2024,39.0
346,Jérémy Doku,Midfielder,Man City,16,1506,8,14,101,3,150.0,0,6,0,88,0,0,3,6.5,2025,57.0
347,Jérémy Doku,Midfielder,Man City,18,1585,1,19,0,13,203.9,0,10,0,98,0,0,3,6.5,2024,46.0
348,Noussair Mazraoui,Defender,Man Utd,34,2836,7,43,241,5,107.5,0,1,0,88,0,0,0,5.0,2025,20.0
349,Marcus Tavernier,Midfielder,Bournemouth,20,1932,4,29,179,4,155.4,0,7,0,87,0,0,3,5.5,2025,27.0
350,Marcus Tavernier,Midfielder,Bournemouth,25,2118,8,38,0,5,157.8,0,4,0,89,0,0,3,5.5,2024,10.0
351,Marcus Tavernier,Midfielder,Bournemouth,19,1740,5,37,0,12,124.2,0,4,0,94,0,0,5,5.5,2023,19.0
352,Jan Paul van Hecke,Defender,Brighton,33,2960,7,47,230,7,118.3,0,1,0,87,1,0,1,4.5,2025,14.0
353,Jan Paul van Hecke,Defender,Brighton,26,2368,5,38,0,3,98.5,0,0,0,61,0,0,0,4.5,2024,-16.0
355,Carlos Baleba,Midfielder,Brighton,31,2660,8,40,376,7,105.2,0,1,0,87,1,0,3,5.0,2025,46.0
356,Carlos Baleba,Midfielder,Brighton,15,1314,2,28,0,0,38.8,0,0,0,34,0,0,0,5.0,2024,-31.0
357,Norberto Bercique Gomes Betuncal,Forward,Everton,15,1521,4,24,84,11,119.5,0,0,0,87,0,0,8,5.5,2025,43.0
358,Norberto Bercique Gomes Betuncal,Forward,Everton,9,943,2,20,0,3,71.3,0,0,0,50,0,0,3,5.5,2024,-5.0
359,Curtis Jones,Midfielder,Liverpool,19,1702,6,27,160,4,113.6,0,5,0,87,1,0,3,5.5,2025,28.0
360,Curtis Jones,Midfielder,Liverpool,14,1156,2,19,0,2,57.0,0,1,0,40,1,0,1,5.5,2024,-11.0
361,Curtis Jones,Midfielder,Liverpool,12,1029,4,15,0,4,75.0,0,1,0,52,0,0,3,5.5,2023,18.0
362,João Victor Gomes da Silva,Midfielder,Wolves,35,2975,6,59,377,7,117.3,0,1,0,87,1,0,3,5.5,2025,3.0
363,João Victor Gomes da Silva,Midfielder,Wolves,32,2646,4,51,0,3,106.1,0,2,0,75,0,0,2,5.5,2024,-38.0
364,João Victor Gomes da Silva,Midfielder,Wolves,7,649,2,18,0,2,25.8,0,0,0,21,0,0,1,5.5,2023,-12.0
365,Rodrigo Muniz Carvalho,Forward,Fulham,8,943,2,17,45,14,95.4,0,1,0,86,0,0,8,5.5,2025,48.0
366,Rodrigo Muniz Carvalho,Forward,Fulham,18,1589,6,27,0,12,148.2,0,2,0,97,0,0,9,5.5,2024,44.0
367,Jadon Sancho,Midfielder,Man Utd,19,1754,7,24,121,3,127.5,0,5,0,86,0,0,3,6.0,2025,37.0
369,Jadon Sancho,Midfielder,Man Utd,21,1683,13,18,0,8,143.2,0,3,0,105,0,0,6,6.0,2023,78.0
370,Lewis Cook,Midfielder,Bournemouth,32,2976,5,44,386,3,144.9,0,4,0,82,1,0,1,5.0,2025,19.0
371,Lewis Cook,Midfielder,Bournemouth,32,2787,8,51,0,5,127.2,0,3,0,77,1,0,0,5.0,2024,-20.0
372,Lewis Cook,Midfielder,Bournemouth,18,1712,3,39,0,1,71.2,0,2,0,51,0,0,0,5.0,2023,-38.0
373,Maximilian Kilman,Defender,West Ham,38,3348,6,62,327,5,118.8,0,1,0,82,0,0,0,4.5,2025,-8.0
374,Maximilian Kilman,Defender,West Ham,38,3420,5,65,0,3,130.2,0,0,0,82,0,0,2,4.5,2024,-55.0
375,Maximilian Kilman,Defender,West Ham,37,3307,11,56,0,12,93.2,0,1,0,109,0,0,0,4.5,2023,14.0
376,Andreas Hoelgebaum Pereira,Midfielder,Fulham,25,2004,5,32,150,2,149.0,0,6,0,81,0,0,2,5.5,2025,15.0
377,Andreas Hoelgebaum Pereira,Midfielder,Fulham,34,2611,14,40,0,7,217.8,0,9,0,127,0,0,3,5.5,2024,50.0
378,Andreas Hoelgebaum Pereira,Midfielder,Fulham,33,2696,8,40,0,9,189.3,0,10,0,123,0,0,4,5.5,2023,34.0
379,Jack Harrison,Midfielder,Leeds,24,2068,7,27,148,4,108.6,0,3,0,81,0,0,1,5.5,2025,35.0
380,Jack Harrison,Midfielder,Leeds,25,2212,11,26,0,5,114.3,0,3,0,92,0,0,3,5.5,2024,45.0
381,Jack Harrison,Midfielder,Leeds,34,2707,6,55,0,15,192.0,0,8,0,134,0,1,5,5.5,2023,9.0
382,Matheus Nunes,Defender,Man City,19,1670,9,19,84,6,99.9,0,7,0,81,0,0,1,5.5,2025,58.0
383,Matheus Nunes,Defender,Man City,9,831,2,13,0,1,51.8,0,2,0,32,1,0,0,5.5,2024,-6.0
384,Matheus Nunes,Defender,Man City,30,2467,11,38,0,5,109.3,0,1,0,80,1,0,1,5.5,2023,14.0
385,Lucas Tolentino Coelho de Lima,Midfielder,West Ham,27,2374,4,50,271,5,132.6,0,1,0,80,0,0,4,6.0,2025,-4.0
386,Lucas Tolentino Coelho de Lima,Midfielder,West Ham,31,2627,4,52,0,7,163.7,0,6,0,100,0,0,4,6.0,2024,-19.0
387,Lucas Tolentino Coelho de Lima,Midfielder,West Ham,27,2154,6,39,0,8,145.4,0,5,0,98,0,0,4,6.0,2023,12.0
388,Toti Gomes,Defender,Wolves,30,2613,8,45,250,8,86.5,0,1,0,79,0,0,0,4.5,2025,27.0
389,Toti Gomes,Defender,Wolves,31,2771,4,49,0,6,83.7,0,4,0,82,0,0,1,4.5,2024,-22.0
390,Toti Gomes,Defender,Wolves,10,978,4,14,0,4,37.4,0,0,0,43,0,0,1,4.5,2023,15.0
391,John McGinn,Midfielder,Aston Villa,27,2217,8,34,163,1,103.7,0,4,0,78,0,0,1,5.5,2025,19.0
392,John McGinn,Midfielder,Aston Villa,35,3000,7,54,0,9,169.4,0,5,0,119,1,0,6,5.5,2024,-3.0
393,John McGinn,Midfielder,Aston Villa,30,2692,10,31,0,3,108.3,0,5,0,90,0,0,1,5.5,2023,30.0
394,Harry Wilson,Midfielder,Fulham,12,1148,2,21,92,6,107.8,0,2,0,78,0,0,6,5.5,2025,22.0
395,Harry Wilson,Midfielder,Fulham,16,1603,5,30,0,5,107.2,0,7,0,94,0,0,4,5.5,2024,13.0
396,Harry Wilson,Midfielder,Fulham,13,1085,2,15,0,2,57.7,0,5,0,68,0,0,2,5.5,2023,9.0
397,Rasmus Højlund,Forward,Man Utd,23,1998,6,31,46,8,86.3,0,1,0,78,0,0,4,6.5,2025,24.0
398,Rasmus Højlund,Forward,Man Utd,25,2156,6,35,0,14,147.0,0,2,0,112,0,0,10,6.5,2024,42.0
399,Matty Cash,Defender,Aston Villa,24,2069,7,22,145,2,71.3,0,1,0,76,0,0,1,4.5,2025,36.0
400,Matty Cash,Defender,Aston Villa,23,2138,3,36,0,4,107.1,0,2,0,64,0,1,2,4.5,2024,-20.0
401,Matty Cash,Defender,Aston Villa,20,1817,4,29,0,3,54.9,0,2,0,57,0,0,0,4.5,2023,-7.0
402,Ryan Christie,Midfielder,Bournemouth,27,2114,8,28,326,5,139.6,0,3,0,76,0,0,2,5.0,2025,59.0
403,Ryan Christie,Midfielder,Bournemouth,35,2908,8,56,0,5,175.4,0,5,0,90,0,0,0,5.0,2024,-20.0
404,Ryan Christie,Midfielder,Bournemouth,22,1825,3,35,0,2,111.1,0,2,0,64,0,0,1,5.0,2023,-23.0
405,Emerson Palmieri dos Santos,Defender,West Ham,26,2108,5,41,145,4,90.4,0,1,0,76,0,0,2,4.5,2025,-3.0
406,Emerson Palmieri dos Santos,Defender,West Ham,35,3138,5,67,0,8,121.8,0,4,0,82,0,1,1,4.5,2024,-49.0
407,Emerson Palmieri dos Santos,Defender,West Ham,16,1317,2,28,0,2,62.4,0,0,0,39,0,0,1,4.5,2023,-23.0
408,Facundo Buonanotte,Midfielder,Brighton,14,1508,2,33,162,6,114.7,0,2,0,75,0,0,5,5.0,2025,7.0
409,Facundo Buonanotte,Midfielder,Brighton,17,1356,6,19,0,1,78.4,0,1,0,57,0,0,3,5.0,2024,13.0
410,Facundo Buonanotte,Midfielder,Brighton,6,558,1,12,0,2,28.5,0,1,0,26,0,0,1,5.0,2023,-4.0
411,Matt Doherty,Defender,Wolves,25,2105,6,38,170,4,81.8,0,1,0,75,0,1,2,4.5,2025,4.0
412,Matt Doherty,Defender,Wolves,9,1136,1,21,0,1,52.9,0,0,0,41,0,0,1,4.5,2024,-18.0
413,Matt Doherty,Defender,Wolves,7,663,3,9,0,2,40.3,0,0,0,35,0,0,1,4.5,2023,12.0
414,Yasin Ayari,Midfielder,Brighton,22,1958,7,28,228,3,111.7,0,1,0,74,0,0,2,5.0,2025,35.0
416,Vitaly Janelt,Midfielder,Brentford,27,2251,6,38,229,2,77.2,0,3,0,73,0,2,1,5.0,2025,1.0
417,Vitaly Janelt,Midfielder,Brentford,37,3054,9,52,0,1,135.3,0,4,0,93,0,0,1,5.0,2024,-19.0
418,Vitaly Janelt,Midfielder,Brentford,24,2201,8,28,0,5,91.3,0,1,0,85,0,0,3,5.0,2023,26.0
419,Omar Marmoush,Midfielder,Man City,14,1174,8,12,60,12,97.3,0,1,0,73,0,0,7,8.5,2025,78.0
420,Kieran Trippier,Defender,Newcastle,14,1299,6,18,95,8,76.1,0,3,0,72,0,0,0,5.0,2025,45.0
421,Kieran Trippier,Defender,Newcastle,26,2235,6,43,0,20,185.2,0,10,0,111,0,0,1,5.0,2024,44.0
422,Kieran Trippier,Defender,Newcastle,38,3342,16,31,0,39,285.8,0,9,0,198,0,1,1,5.0,2023,180.0
423,Tosin Adarabioyo,Defender,Chelsea,15,1403,7,14,114,7,49.6,0,1,0,71,0,0,1,4.5,2025,56.0
424,Tosin Adarabioyo,Defender,Chelsea,18,1616,6,25,0,2,62.4,0,0,0,66,0,0,2,4.5,2024,5.0
425,Tosin Adarabioyo,Defender,Chelsea,23,2084,3,39,0,1,73.4,0,0,0,49,0,0,1,4.5,2023,-36.0
426,Pape Matar Sarr,Midfielder,Spurs,22,1901,2,38,228,4,87.2,0,2,0,71,0,0,3,5.0,2025,-1.0
427,Pape Matar Sarr,Midfielder,Spurs,27,2063,9,27,0,4,110.2,0,3,0,86,0,0,3,5.0,2024,30.0
428,Pape Matar Sarr,Midfielder,Spurs,2,211,0,11,0,0,8.6,0,1,0,14,0,0,0,5.0,2023,-17.0
429,Alphonse Areola,Goalkeeper,West Ham,25,2259,4,41,0,1,62.1,82,0,0,69,0,1,0,4.5,2025,44.0
430,Alphonse Areola,Goalkeeper,West Ham,31,2700,4,53,0,11,102.4,138,0,2,116,0,1,0,4.5,2024,128.0
432,Chris Richards,Defender,Crystal Palace,22,1921,7,31,193,2,69.6,0,1,0,68,1,0,1,4.5,2025,15.0
433,Chris Richards,Defender,Crystal Palace,23,2091,4,38,0,4,65.2,0,1,0,62,0,0,1,4.5,2024,-18.0
434,Chris Richards,Defender,Crystal Palace,4,443,1,11,0,0,13.2,0,0,0,13,0,0,0,4.5,2023,-12.0
435,Matthijs de Ligt,Defender,Man Utd,25,2119,4,36,175,3,91.5,0,0,0,68,0,0,2,5.0,2025,1.0
436,Lisandro Martínez,Defender,Man Utd,20,1751,6,27,134,5,73.8,0,1,0,68,0,0,2,5.0,2025,26.0
437,Lisandro Martínez,Defender,Man Utd,8,643,1,12,0,0,19.4,0,1,0,15,0,1,0,5.0,2024,-16.0
438,Lisandro Martínez,Defender,Man Utd,24,2113,9,33,0,6,76.7,0,0,0,81,0,0,1,5.0,2023,19.0
439,Will Hughes,Midfielder,Crystal Palace,24,2100,10,31,249,3,87.5,0,4,0,67,0,0,0,5.0,2025,44.0
440,Will Hughes,Midfielder,Crystal Palace,23,1886,8,38,0,2,72.3,0,2,0,61,0,0,0,5.0,2024,-10.0
441,Will Hughes,Midfielder,Crystal Palace,7,822,1,11,0,3,37.4,0,1,0,41,0,0,1,5.0,2023,6.0
442,Ryan Yates,Midfielder,Nott'm Forest,18,1901,6,27,242,3,85.4,0,2,0,67,0,0,2,5.0,2025,34.0
443,Ryan Yates,Midfielder,Nott'm Forest,21,1979,1,38,0,1,72.1,0,1,0,59,0,0,1,5.0,2024,-41.0
444,Ryan Yates,Midfielder,Nott'm Forest,21,1833,5,36,0,0,54.5,0,3,0,53,0,0,0,5.0,2023,-25.0
445,Ethan Nwaneri,Midfielder,Arsenal,11,882,4,4,53,4,83.0,0,2,0,66,0,0,4,5.5,2025,48.0
448,Jacob Ramsey,Midfielder,Aston Villa,19,1616,5,26,133,3,78.7,0,4,0,66,1,0,1,5.5,2025,14.0
449,Jacob Ramsey,Midfielder,Aston Villa,8,848,0,12,0,0,46.7,0,1,0,29,0,0,1,5.5,2024,-10.0
450,Jacob Ramsey,Midfielder,Aston Villa,31,2634,11,33,0,13,164.7,0,8,0,135,0,1,6,5.5,2023,67.0
451,Darwin Núñez Ribeiro,Forward,Liverpool,8,1113,2,21,77,6,81.2,0,3,0,66,0,0,5,6.5,2025,18.0
452,Darwin Núñez Ribeiro,Forward,Liverpool,22,2033,6,25,0,9,232.4,0,11,0,132,0,0,11,6.5,2024,59.0
453,Darwin Núñez Ribeiro,Forward,Liverpool,19,1684,7,22,0,8,186.0,0,5,0,100,1,0,9,6.5,2023,46.0
454,Rico Lewis,Defender,Man City,21,1888,5,27,90,1,65.0,0,2,0,66,1,0,1,5.0,2025,2.0
455,Rico Lewis,Defender,Man City,8,804,4,9,0,2,45.8,0,0,0,52,0,0,2,5.0,2024,20.0
456,Rico Lewis,Defender,Man City,10,900,2,8,0,0,36.3,0,0,0,29,0,0,0,5.0,2023,4.0
457,Guglielmo Vicario,Goalkeeper,Spurs,24,2160,4,37,0,2,58.5,68,0,0,66,0,0,0,5.0,2025,45.0
458,Guglielmo Vicario,Goalkeeper,Spurs,38,3420,7,61,0,9,97.4,110,0,0,112,0,0,0,5.0,2024,89.0
459,Amadou Onana,Midfielder,Aston Villa,20,1613,6,23,200,5,77.0,0,0,0,65,0,0,3,5.0,2025,39.0
460,Amadou Onana,Midfielder,Aston Villa,23,2085,5,38,0,5,89.5,0,0,0,66,0,0,2,5.0,2024,-11.0
461,Amadou Onana,Midfielder,Aston Villa,29,2486,9,37,0,2,96.0,0,3,0,77,0,0,1,5.0,2023,6.0
462,Jake O'Brien,Defender,Everton,17,1568,5,17,123,5,56.0,0,0,0,65,0,0,2,5.0,2025,38.0
463,Joshua Zirkzee,Forward,Man Utd,14,1385,3,24,89,6,78.0,0,2,0,64,0,0,3,6.0,2025,17.0
464,Pervis Estupiñán Tenorio,Defender,Brighton,26,2399,3,44,164,7,120.8,0,1,0,63,0,0,1,4.5,2025,-5.0
465,Pervis Estupiñán Tenorio,Defender,Brighton,15,1242,3,26,0,7,89.0,0,3,0,57,0,1,2,4.5,2024,0.0
466,Pervis Estupiñán Tenorio,Defender,Brighton,31,2674,10,43,0,15,162.5,0,7,0,128,0,0,1,4.5,2023,48.0
467,Sepp van den Berg,Defender,Brentford,29,2584,5,49,229,1,92.3,0,1,0,62,0,0,0,4.5,2025,-18.0
468,Gonçalo Manuel Ganchinho Guedes,Midfielder,Wolves,10,979,3,25,60,2,64.0,0,4,0,62,0,0,2,5.5,2025,-3.0
469,Gonçalo Manuel Ganchinho Guedes,Midfielder,Wolves,8,703,2,12,0,1,45.1,0,1,0,29,0,0,1,5.5,2023,-1.0
470,Manuel Akanji,Defender,Man City,23,2012,6,28,98,1,68.9,0,0,0,61,0,0,0,5.5,2025,8.0
471,Manuel Akanji,Defender,Man City,28,2512,11,23,0,8,97.4,0,0,0,112,1,0,2,5.5,2024,56.0
472,Manuel Akanji,Defender,Man City,24,2284,7,23,0,5,71.4,0,1,0,82,0,0,0,5.5,2023,30.0
473,André Trindade da Costa Neto,Midfielder,Wolves,31,2472,7,46,359,1,69.7,0,0,0,61,0,0,0,5.5,2025,6.0
474,Malo Gusto,Defender,Chelsea,19,1853,4,26,117,2,87.9,0,1,0,60,0,0,0,5.0,2025,8.0
475,Malo Gusto,Defender,Chelsea,19,1746,5,28,0,10,110.4,0,6,0,74,1,0,0,5.0,2024,21.0
476,Christopher Nkunku,Midfielder,Chelsea,9,904,2,16,59,5,77.1,0,2,0,60,0,0,3,6.0,2025,18.0
477,Christopher Nkunku,Midfielder,Chelsea,2,437,0,12,0,4,42.7,0,0,0,29,0,0,3,6.0,2024,-1.0
478,Simon Adingra,Midfielder,Sunderland,12,1081,2,23,84,0,80.9,0,3,0,60,0,0,2,5.5,2025,-7.0
479,Simon Adingra,Midfielder,Sunderland,25,2220,4,38,0,8,173.4,0,1,0,97,0,0,6,5.5,2024,5.0
480,Joël Veltman,Defender,Brighton,19,1694,6,24,131,7,48.1,0,0,0,59,0,0,0,4.5,2025,33.0
481,Joël Veltman,Defender,Brighton,17,1579,3,32,0,0,51.8,0,1,0,49,0,0,1,4.5,2024,-29.0
482,Joël Veltman,Defender,Brighton,25,2183,10,29,0,6,77.4,0,1,0,95,0,0,1,4.5,2023,34.0
483,Julio Enciso Espínola,Midfielder,Brighton,14,1155,2,22,79,5,87.7,0,3,0,59,0,0,2,5.5,2025,10.0
484,Julio Enciso Espínola,Midfielder,Brighton,5,468,0,12,0,0,36.9,0,2,0,20,0,0,0,5.5,2024,-15.0
485,Julio Enciso Espínola,Midfielder,Brighton,7,794,4,12,0,7,83.8,0,3,0,57,0,0,4,5.5,2023,34.0
486,Tyler Adams,Midfielder,Bournemouth,21,1959,6,30,276,1,75.9,0,3,0,58,0,0,0,5.0,2025,24.0
488,Tyler Adams,Midfielder,Bournemouth,24,2156,5,36,0,1,74.9,0,0,0,47,1,0,0,5.0,2023,-27.0
489,Jefferson Lerma Solís,Midfielder,Crystal Palace,26,2270,6,36,327,2,78.7,0,1,0,58,0,0,0,5.0,2025,21.0
490,Jefferson Lerma Solís,Midfielder,Crystal Palace,27,2399,5,46,0,4,102.4,0,1,0,64,0,0,1,5.0,2024,-27.0
491,Jefferson Lerma Solís,Midfielder,Crystal Palace,37,3252,7,67,0,5,122.7,0,0,0,101,0,1,5,5.0,2023,-47.0
492,Ian Maatsen,Defender,Aston Villa,10,1125,3,16,71,0,74.3,0,2,0,57,0,0,1,4.5,2025,8.0
493,Ian Maatsen,Defender,Aston Villa,1,200,0,5,0,0,10.3,0,0,0,11,0,0,0,4.5,2024,-7.0
494,Boubacar Kamara,Midfielder,Aston Villa,20,1720,6,22,210,3,60.2,0,0,0,57,0,0,1,5.0,2025,35.0
495,Boubacar Kamara,Midfielder,Aston Villa,20,1653,7,22,0,1,59.1,0,1,0,40,1,0,0,5.0,2024,4.0
496,Boubacar Kamara,Midfielder,Aston Villa,21,1773,3,30,0,0,45.7,0,1,0,44,0,0,0,5.0,2023,-24.0
497,Adam Smith,Defender,Bournemouth,19,1586,6,18,82,0,35.0,0,0,0,57,0,0,0,4.5,2025,18.0
498,Adam Smith,Defender,Bournemouth,25,2148,8,33,0,4,66.1,0,3,0,80,0,0,0,4.5,2024,11.0
499,Adam Smith,Defender,Bournemouth,34,2940,7,58,0,5,78.3,0,1,0,74,0,0,0,4.5,2023,-34.0
500,Ryan Sessegnon,Midfielder,Fulham,7,574,1,10,74,5,67.1,0,2,0,57,0,0,4,5.5,2025,25.0
501,Ryan Sessegnon,Midfielder,Fulham,9,805,1,15,0,0,54.3,0,1,0,35,0,0,2,5.5,2023,-11.0
502,Saša Lukić,Midfielder,Fulham,28,2348,4,37,244,1,91.0,0,2,0,56,0,0,0,5.0,2025,1.0
503,Saša Lukić,Midfielder,Fulham,13,1113,5,20,0,0,46.2,0,0,0,43,0,0,1,5.0,2024,-3.0
504,Saša Lukić,Midfielder,Fulham,4,406,0,10,0,0,8.2,0,0,0,15,0,0,0,5.0,2023,-14.0
505,Pau Torres,Defender,Aston Villa,23,2019,5,33,116,3,54.0,0,0,0,55,0,0,0,4.5,2025,1.0
506,Pau Torres,Defender,Aston Villa,27,2462,6,37,0,4,76.6,0,0,0,85,0,0,2,4.5,2024,-2.0
507,Reece James,Defender,Chelsea,12,1057,3,14,50,5,46.7,0,2,0,54,0,0,1,5.5,2025,23.0
508,Reece James,Defender,Chelsea,5,416,0,13,0,0,37.1,0,2,0,11,2,0,0,5.5,2024,-28.0
509,Reece James,Defender,Chelsea,14,1242,2,17,0,5,80.4,0,2,0,44,0,0,1,5.5,2023,10.0
510,Nicolás Domínguez,Midfielder,Nott'm Forest,23,1954,7,27,293,0,89.4,0,1,0,54,0,0,0,5.0,2025,30.0
511,Nicolás Domínguez,Midfielder,Nott'm Forest,19,1489,6,27,0,6,70.6,0,2,0,67,0,0,2,5.0,2024,14.0
512,Jean-Clair Todibo,Defender,West Ham,20,1824,5,33,168,1,44.5,0,0,0,54,0,0,0,4.5,2025,-2.0
513,Eddie Nketiah,Forward,Crystal Palace,9,1018,2,17,55,4,82.5,0,2,0,53,1,0,3,5.5,2025,8.0
514,Eddie Nketiah,Forward,Crystal Palace,10,1065,6,10,0,5,77.2,0,4,0,71,0,0,5,5.5,2024,47.0
515,Eddie Nketiah,Forward,Crystal Palace,9,1071,2,16,0,5,93.8,0,2,0,63,0,0,4,5.5,2023,15.0
516,Sander Berge,Midfielder,Fulham,26,2221,4,35,242,2,65.1,0,0,0,53,0,0,0,5.0,2025,4.0
517,Sander Berge,Midfielder,Fulham,34,3002,2,70,0,3,114.3,0,2,0,74,1,0,1,5.0,2024,-86.0
518,David Brooks,Midfielder,Bournemouth,9,941,3,12,80,2,80.4,0,1,0,52,0,0,2,5.0,2025,20.0
519,David Brooks,Midfielder,Bournemouth,2,271,0,7,0,2,31.4,0,1,0,23,0,0,1,5.0,2024,-1.0
521,Mats Wieffer,Midfielder,Brighton,10,1003,2,22,170,4,68.5,0,5,0,52,0,0,1,5.0,2025,15.0
522,João Pedro Ferreira da Silva,Midfielder,Nott'm Forest,5,835,1,16,99,0,64.6,0,2,0,52,0,0,3,5.5,2025,1.0
523,Santiago Ignacio Bueno,Defender,Wolves,18,1678,5,34,147,2,44.2,0,0,0,52,0,0,0,4.5,2025,-5.0
524,Santiago Ignacio Bueno,Defender,Wolves,9,819,0,18,0,0,20.3,0,0,0,13,0,0,0,4.5,2024,-26.0
525,Joachim Andersen,Defender,Fulham,30,2673,4,47,283,3,95.0,0,0,0,51,1,1,0,4.5,2025,-18.0
526,Joachim Andersen,Defender,Fulham,38,3416,10,58,0,12,143.1,0,3,0,121,0,0,2,4.5,2024,13.0
527,Joachim Andersen,Defender,Fulham,32,2782,8,37,0,1,109.8,0,0,0,80,0,2,1,4.5,2023,-11.0
528,Djed Spence,Defender,Spurs,19,1790,3,39,133,6,76.1,0,2,0,51,1,1,1,4.5,2025,-18.0
530,James Ward-Prowse,Midfielder,West Ham,17,1433,5,18,132,2,80.0,0,2,0,51,1,0,1,6.0,2025,21.0
531,James Ward-Prowse,Midfielder,West Ham,34,3000,5,65,0,19,217.5,0,7,0,146,0,0,7,6.0,2024,8.0
532,James Ward-Prowse,Midfielder,West Ham,38,3371,4,72,0,18,245.2,0,4,0,142,0,1,9,6.0,2023,-16.0
533,Benjamin White,Defender,Arsenal,13,1195,5,13,82,0,51.0,0,2,0,50,0,0,0,5.5,2025,22.0
534,Benjamin White,Defender,Arsenal,35,2987,18,26,0,14,159.0,0,5,0,182,0,0,4,5.5,2024,121.0
535,Benjamin White,Defender,Arsenal,36,3054,15,35,0,12,130.8,0,5,0,156,0,0,2,5.5,2023,80.0
536,Matt O'Riley,Midfielder,Brighton,11,929,2,20,70,2,75.3,0,3,0,50,0,1,2,5.5,2025,-4.0
537,Yves Bissouma,Midfielder,Spurs,16,1396,3,28,193,4,48.0,0,0,0,50,0,0,2,5.5,2025,9.0
538,Yves Bissouma,Midfielder,Spurs,26,2070,7,35,0,0,82.3,0,0,0,44,2,0,0,5.5,2024,-26.0
539,Yves Bissouma,Midfielder,Spurs,10,998,1,20,0,0,29.0,0,0,0,27,0,0,0,5.5,2023,-23.0
540,Marshall Munetsi,Midfielder,Wolves,12,1077,5,11,83,4,52.3,0,2,0,50,0,0,2,5.5,2025,39.0
541,Kenny Tete,Defender,Fulham,21,1773,3,26,162,0,73.1,0,2,0,49,0,0,0,4.5,2025,2.0
542,Kenny Tete,Defender,Fulham,10,863,2,21,0,0,35.6,0,0,0,27,0,0,1,4.5,2024,-21.0
543,Kenny Tete,Defender,Fulham,29,2569,7,36,0,1,120.9,0,5,0,90,0,0,1,4.5,2023,1.0
544,Manuel Ugarte Ribeiro,Midfielder,Man Utd,22,1777,4,33,245,1,62.1,0,2,0,49,0,1,1,5.0,2025,-1.0
545,Cristian Romero,Defender,Spurs,18,1416,3,22,111,3,69.0,0,1,0,49,0,0,1,5.0,2025,10.0
546,Cristian Romero,Defender,Spurs,33,2790,7,46,0,15,125.9,0,0,0,107,1,1,5,5.0,2024,16.0
547,Cristian Romero,Defender,Spurs,26,2363,8,41,0,3,77.3,0,2,0,66,1,0,0,5.0,2023,-13.0
548,Rodrigo Bentancur,Midfielder,Spurs,21,1640,3,26,246,1,70.2,0,0,0,49,0,0,2,5.5,2025,12.0
549,Rodrigo Bentancur,Midfielder,Spurs,13,997,1,25,0,0,52.1,0,1,0,32,0,0,1,5.5,2024,-30.0
550,Rodrigo Bentancur,Midfielder,Spurs,17,1501,6,24,0,7,90.7,0,2,0,71,0,0,5,5.5,2023,27.0
551,Harry Maguire,Defender,Man Utd,19,1751,3,27,159,3,76.1,0,0,0,48,0,0,1,4.5,2025,7.0
552,Harry Maguire,Defender,Man Utd,18,1650,4,29,0,6,77.7,0,4,0,73,0,0,2,4.5,2024,7.0
553,Harry Maguire,Defender,Man Utd,8,762,5,7,0,2,26.9,0,0,0,39,0,0,0,4.5,2023,24.0
554,Carlos Henrique Casimiro,Midfielder,Man Utd,18,1489,6,20,258,3,104.8,0,0,0,48,0,0,1,5.5,2025,41.0
555,Carlos Henrique Casimiro,Midfielder,Man Utd,24,1981,5,34,0,0,119.9,0,3,0,58,0,0,1,5.5,2024,-17.0
556,Carlos Henrique Casimiro,Midfielder,Man Utd,24,2122,10,22,0,10,136.3,0,3,0,87,2,0,4,5.5,2023,54.0
557,Tyrone Mings,Defender,Aston Villa,12,1119,4,11,84,5,34.6,0,1,0,47,0,0,0,4.5,2025,35.0
559,Tyrone Mings,Defender,Aston Villa,35,3150,12,40,0,17,87.8,0,3,0,130,0,1,1,4.5,2023,63.0
560,Leon Bailey,Midfielder,Aston Villa,14,1132,2,19,77,2,70.3,0,2,0,47,0,0,1,5.5,2025,3.0
561,Leon Bailey,Midfielder,Aston Villa,22,2063,5,32,0,11,199.1,0,11,0,148,0,0,10,5.5,2024,47.0
562,Leon Bailey,Midfielder,Aston Villa,26,1964,8,32,0,6,132.8,0,5,0,100,0,0,4,5.5,2023,26.0
563,Ethan Pinnock,Defender,Brentford,21,1912,2,35,216,0,83.6,0,0,0,47,0,1,2,4.5,2025,-19.0
564,Ethan Pinnock,Defender,Brentford,28,2521,5,46,0,5,94.2,0,0,0,77,0,0,2,4.5,2024,-21.0
565,Ethan Pinnock,Defender,Brentford,30,2700,10,34,0,6,127.2,0,0,0,112,0,1,3,4.5,2023,27.0
566,Timothy Castagne,Defender,Fulham,17,1642,3,28,149,0,64.9,0,1,0,46,0,0,0,4.5,2025,-6.0
567,Timothy Castagne,Defender,Fulham,29,2630,9,40,0,7,102.1,0,3,0,105,0,0,1,4.5,2024,19.0
568,Timothy Castagne,Defender,Fulham,36,3255,8,63,0,11,136.4,0,4,0,114,0,0,2,4.5,2023,-10.0
569,Joe Willock,Midfielder,Newcastle,11,1065,4,16,87,0,63.9,0,2,0,46,0,0,0,5.0,2025,11.0
570,Joe Willock,Midfielder,Newcastle,5,415,1,9,0,0,28.8,0,0,0,18,0,0,1,5.0,2024,-7.0
571,Joe Willock,Midfielder,Newcastle,31,2556,12,26,0,11,174.9,0,7,0,123,0,0,3,5.0,2023,79.0
572,Caoimhín Kelleher,Goalkeeper,Brentford,10,900,4,12,0,1,22.4,27,0,1,45,0,0,0,4.5,2025,42.0
573,Caoimhín Kelleher,Goalkeeper,Brentford,10,900,2,11,0,3,27.0,28,0,0,34,0,0,0,4.5,2024,36.0
575,Brajan Gruda,Midfielder,Brighton,8,676,1,15,49,1,69.1,0,4,0,45,0,0,1,5.5,2025,-1.0
576,Daichi Kamada,Midfielder,Crystal Palace,15,1545,3,27,173,0,68.2,0,0,0,45,1,0,0,5.0,2025,-9.0
577,Archie Gray,Midfielder,Spurs,19,1750,2,41,162,0,34.3,0,0,0,45,0,1,0,5.0,2025,-40.0
578,Konstantinos Mavropanos,Defender,West Ham,21,2035,2,39,216,4,73.2,0,0,0,45,1,0,0,4.5,2025,-16.0
579,Konstantinos Mavropanos,Defender,West Ham,16,1500,3,27,0,3,45.3,0,0,0,40,0,2,1,4.5,2024,-23.0
580,Emmanuel Agbadou,Defender,Wolves,16,1410,4,22,144,1,52.0,0,0,0,45,0,0,1,4.5,2025,10.0
581,Ross Barkley,Midfielder,Aston Villa,3,567,1,10,75,5,54.8,0,1,0,44,0,0,3,5.0,2025,21.0
582,Ross Barkley,Midfielder,Aston Villa,30,2616,2,66,0,4,168.7,0,5,0,101,0,0,5,5.0,2024,-64.0
583,Martin Dúbravka,Goalkeeper,Burnley,10,900,5,12,0,2,22.0,29,0,0,44,0,0,0,4.0,2025,45.0
584,Martin Dúbravka,Goalkeeper,Burnley,22,1984,4,42,0,3,67.2,88,0,1,75,0,0,0,4.0,2024,63.0
585,Martin Dúbravka,Goalkeeper,Burnley,1,156,1,1,0,1,5.4,10,0,0,11,0,0,0,4.0,2023,18.0
586,Lewis Dunk,Defender,Brighton,23,2081,4,42,126,0,66.9,0,1,0,44,0,1,0,4.5,2025,-34.0
587,Lewis Dunk,Defender,Brighton,33,2869,5,53,0,11,141.7,0,1,0,89,1,0,3,4.5,2024,-15.0
588,Lewis Dunk,Defender,Brighton,36,3240,12,50,0,7,102.4,0,1,0,112,0,1,1,4.5,2023,11.0
589,Carlos Alcaraz Durán,Midfielder,Everton,7,766,1,9,68,5,65.4,0,3,0,44,0,0,2,5.5,2025,26.0
590,Carlos Alcaraz Durán,Midfielder,Everton,13,1024,0,25,0,4,52.2,0,2,0,55,0,0,4,5.5,2023,-16.0
591,Lucas Bergvall,Midfielder,Spurs,11,1200,3,25,165,0,55.0,0,2,0,44,0,0,0,5.5,2025,-3.0
592,Jakub Kiwior,Defender,Arsenal,10,1117,3,15,93,2,39.2,0,0,0,43,0,0,1,5.5,2025,14.0
593,Jakub Kiwior,Defender,Arsenal,11,942,6,8,0,1,42.7,0,3,0,67,0,0,1,5.5,2024,32.0
594,Jakub Kiwior,Defender,Arsenal,5,425,2,6,0,1,13.9,0,0,0,26,0,0,1,5.5,2023,7.0
595,Yehor Yarmoliuk,Midfielder,Brentford,15,1435,3,25,215,0,54.4,0,0,0,43,0,0,0,5.0,2025,3.0
596,Yehor Yarmoliuk,Midfielder,Brentford,6,670,4,9,0,0,29.0,0,0,0,33,0,0,0,5.0,2024,8.0
597,Konstantinos Tsimikas,Defender,Liverpool,9,829,4,8,61,3,52.5,0,1,0,43,0,0,0,5.0,2025,29.0
598,Konstantinos Tsimikas,Defender,Liverpool,8,675,4,7,0,4,46.2,0,3,0,48,0,0,0,5.0,2024,29.0
599,Konstantinos Tsimikas,Defender,Liverpool,9,762,4,11,0,2,60.7,0,4,0,48,0,0,0,5.0,2023,17.0
600,Destiny Udogie,Defender,Spurs,24,1923,2,35,131,0,74.5,0,1,0,43,0,1,0,4.5,2025,-29.0
601,Destiny Udogie,Defender,Spurs,28,2391,5,43,0,8,117.3,0,3,0,79,1,0,2,4.5,2024,-9.0
602,Gabriel Fernando de Jesus,Forward,Arsenal,6,600,2,5,50,6,52.6,0,2,0,42,0,0,3,6.5,2025,37.0
603,Gabriel Fernando de Jesus,Forward,Arsenal,17,1470,11,11,0,10,152.7,0,7,0,85,0,0,4,6.5,2024,88.0
604,Gabriel Fernando de Jesus,Forward,Arsenal,24,2064,9,23,0,17,241.9,0,7,0,125,0,0,11,6.5,2023,95.0
605,Tariq Lamptey,Defender,Brighton,10,856,2,21,52,1,36.8,0,2,0,42,0,0,2,4.5,2025,-9.0
606,Tariq Lamptey,Defender,Brighton,10,908,1,20,0,0,37.6,0,3,0,31,0,0,0,4.5,2024,-20.0
607,Tariq Lamptey,Defender,Brighton,3,439,1,7,0,0,20.6,0,0,0,23,0,0,0,4.5,2023,-3.0
608,Adam Wharton,Midfielder,Crystal Palace,16,1314,4,21,185,0,71.2,0,2,0,42,0,0,0,5.0,2025,13.0
609,Adam Wharton,Midfielder,Crystal Palace,15,1296,7,16,0,4,57.3,0,3,0,50,0,0,0,5.0,2024,30.0
610,James Garner,Midfielder,Everton,17,1590,5,19,181,0,60.4,0,1,0,42,0,0,0,5.0,2025,22.0
611,James Garner,Midfielder,Everton,34,3001,11,47,0,3,143.5,0,2,0,87,0,0,1,5.0,2024,2.0
612,James Garner,Midfielder,Everton,7,796,2,13,0,0,29.2,0,1,0,25,0,0,0,5.0,2023,-6.0
613,Kobbie Mainoo,Midfielder,Man Utd,19,1646,5,27,167,0,58.8,0,0,0,42,0,0,0,5.0,2025,4.0
614,Kobbie Mainoo,Midfielder,Man Utd,24,1927,7,31,0,8,80.6,0,1,0,77,0,0,3,5.0,2024,22.0
616,Mathys Tel,Midfielder,Spurs,11,908,2,20,65,2,62.3,0,2,0,42,0,0,2,6.5,2025,-2.0
617,Niclas Füllkrug,Forward,West Ham,6,783,2,18,39,3,56.8,0,2,0,42,0,0,3,6.0,2025,2.0
618,Rodrigo Martins Gomes,Defender,Wolves,7,794,1,20,47,0,47.6,0,0,0,42,0,0,2,4.5,2025,-17.0
619,Conor Bradley,Defender,Liverpool,7,744,3,10,45,3,42.8,0,2,0,41,0,0,0,5.0,2025,19.0
620,Conor Bradley,Defender,Liverpool,10,752,3,7,0,7,60.6,0,3,0,50,0,1,1,5.0,2024,31.0
621,Oleksandr Zinchenko,Defender,Arsenal,5,518,4,1,21,2,24.1,0,1,0,40,0,0,0,5.0,2025,33.0
622,Oleksandr Zinchenko,Defender,Arsenal,20,1717,9,15,0,16,100.4,0,2,0,104,0,0,1,5.0,2024,86.0
623,Oleksandr Zinchenko,Defender,Arsenal,26,2122,10,28,0,8,98.3,0,2,0,99,0,0,1,5.0,2023,43.0
624,Edson Álvarez Velázquez,Midfielder,West Ham,20,1769,3,31,205,0,54.7,0,1,0,40,1,0,0,5.0,2025,-11.0
625,Edson Álvarez Velázquez,Midfielder,West Ham,28,2375,5,45,0,3,82.7,0,1,0,62,0,0,1,5.0,2024,-28.0
626,Riccardo Calafiori,Defender,Arsenal,11,978,1,12,66,1,54.6,0,1,0,39,0,0,2,5.5,2025,7.0
627,Kristoffer Ajer,Defender,Brentford,17,1433,3,25,89,0,48.5,0,0,0,39,0,0,0,4.5,2025,-10.0
628,Kristoffer Ajer,Defender,Brentford,21,1826,5,33,0,3,79.7,0,1,0,68,0,0,2,4.5,2024,-8.0
629,Kristoffer Ajer,Defender,Brentford,9,763,4,14,0,0,15.1,0,0,0,29,0,0,0,4.5,2023,-1.0
630,Adam Webster,Defender,Brighton,11,885,4,11,79,2,30.2,0,1,0,39,0,0,0,4.5,2025,22.0
631,Adam Webster,Defender,Brighton,13,1142,2,22,0,2,39.7,0,0,0,26,0,1,0,4.5,2024,-21.0
632,Adam Webster,Defender,Brighton,23,1983,9,27,0,3,59.2,0,0,0,75,0,1,0,4.5,2023,14.0
633,Mathias Jensen,Midfielder,Brentford,8,846,2,17,87,1,43.8,0,2,0,38,0,0,0,5.0,2025,0.0
634,Mathias Jensen,Midfielder,Brentford,27,2201,9,45,0,10,130.4,0,4,0,98,0,0,3,5.0,2024,16.0
635,Mathias Jensen,Midfielder,Brentford,37,2805,10,40,0,11,164.1,0,7,0,132,0,0,5,5.0,2023,48.0
636,Jack Grealish,Midfielder,Man City,7,710,2,10,44,4,71.3,0,1,0,38,0,0,1,6.5,2025,18.0
637,Jack Grealish,Midfielder,Man City,10,998,3,13,0,6,91.9,0,1,0,50,0,0,3,6.5,2024,24.0
638,Jack Grealish,Midfielder,Man City,23,2051,10,16,0,9,191.7,0,10,0,121,0,0,5,6.5,2023,85.0
639,Myles Lewis-Skelly,Defender,Arsenal,15,1362,5,16,54,0,40.0,0,0,0,37,2,0,1,5.5,2025,2.0
640,Hwang Hee-chan,Midfielder,Wolves,5,646,0,19,46,0,26.7,0,1,0,37,0,0,2,6.0,2025,-20.0
641,Hwang Hee-chan,Midfielder,Wolves,25,2116,3,37,0,10,140.7,0,3,0,125,0,0,12,6.0,2024,18.0
642,Hwang Hee-chan,Midfielder,Wolves,12,1117,3,18,0,3,58.8,0,2,0,60,0,0,3,6.0,2023,8.0
643,Mads Roerslev Rasmussen,Defender,Brentford,11,1100,2,20,58,0,48.0,0,2,0,36,0,0,0,4.5,2025,-9.0
644,Mads Roerslev Rasmussen,Defender,Brentford,22,1975,5,40,0,3,76.3,0,2,0,75,0,0,1,4.5,2024,-20.0
645,Mads Roerslev Rasmussen,Defender,Brentford,12,1101,5,12,0,0,33.4,0,0,0,48,0,0,0,4.5,2023,12.0
646,Felipe Rodrigues da Silva,Defender,Nott'm Forest,6,891,3,14,112,2,24.0,0,0,0,36,0,0,0,4.5,2025,14.0
647,Guido Rodríguez,Midfielder,West Ham,16,1147,4,19,141,0,31.5,0,1,0,36,0,0,0,5.0,2025,8.0
648,Fábio Freitas Gouveia Carvalho,Midfielder,Brentford,3,443,0,14,49,1,36.3,0,1,0,35,0,0,2,5.0,2025,-9.0
649,Fábio Freitas Gouveia Carvalho,Midfielder,Brentford,4,339,0,3,0,0,29.7,0,1,0,27,0,0,2,5.0,2023,3.0
650,Stefan Ortega Moreno,Goalkeeper,Man City,12,1099,3,18,0,0,29.4,33,0,0,35,0,0,0,5.0,2025,24.0
651,Stefan Ortega Moreno,Goalkeeper,Man City,5,632,1,7,0,2,17.3,20,0,0,22,0,0,0,5.0,2024,25.0
652,Stefan Ortega Moreno,Goalkeeper,Man City,3,270,2,1,0,5,11.7,14,0,0,23,0,0,0,5.0,2023,40.0
653,Richarlison de Andrade,Forward,Spurs,4,497,1,9,25,0,47.4,0,1,0,35,0,0,4,6.5,2025,2.0
654,Richarlison de Andrade,Forward,Spurs,18,1481,7,18,0,7,152.1,0,4,0,122,0,0,11,6.5,2024,57.0
655,Richarlison de Andrade,Forward,Spurs,12,995,3,18,0,2,86.3,0,5,0,54,0,0,1,6.5,2023,4.0
656,Álex Moreno Lopera,Defender,Aston Villa,11,952,3,16,83,1,36.4,0,1,0,34,0,0,0,4.0,2025,6.0
657,Álex Moreno Lopera,Defender,Aston Villa,11,1024,3,20,0,5,52.7,0,0,0,49,0,1,2,4.0,2024,-0.0
658,Álex Moreno Lopera,Defender,Aston Villa,14,1325,7,10,0,5,72.3,0,3,0,72,0,0,0,4.0,2023,47.0
659,Donyell Malen,Midfielder,Aston Villa,2,296,0,6,17,3,38.5,0,0,0,34,0,0,3,5.5,2025,8.0
660,Justin Devenny,Midfielder,Crystal Palace,4,494,0,8,56,1,33.2,0,1,0,34,0,0,1,4.5,2025,3.0
661,Sean Longstaff,Midfielder,Leeds,8,783,2,11,78,0,27.3,0,1,0,34,0,0,0,5.0,2025,6.0
662,Sean Longstaff,Midfielder,Leeds,30,2742,10,50,0,3,138.8,0,3,0,110,0,0,6,5.0,2024,-2.0
663,Sean Longstaff,Midfielder,Leeds,28,2514,13,18,0,2,116.8,0,5,0,93,0,0,1,5.0,2023,64.0
664,Wilson Odobert,Midfielder,Spurs,9,843,1,20,57,3,36.7,0,0,0,34,0,0,1,5.5,2025,-8.0
665,Wilson Odobert,Midfielder,Spurs,25,2095,2,48,0,3,121.1,0,4,0,82,0,0,3,5.5,2024,-42.0
666,Tom Cairney,Midfielder,Fulham,3,610,1,12,73,0,47.2,0,0,0,33,1,0,2,5.0,2025,-6.0
667,Tom Cairney,Midfielder,Fulham,14,1472,4,27,0,2,90.9,0,6,0,70,0,1,1,5.0,2024,-7.0
668,Tom Cairney,Midfielder,Fulham,6,968,1,13,0,2,64.2,0,1,0,53,0,0,2,5.0,2023,3.0
669,Harvey Elliott,Midfielder,Liverpool,2,359,0,6,26,3,40.4,0,2,0,33,0,0,1,5.5,2025,10.0
670,Harvey Elliott,Midfielder,Liverpool,11,1330,4,13,0,8,137.5,0,9,0,96,0,0,3,5.5,2024,50.0
671,Harvey Elliott,Midfielder,Liverpool,18,1600,5,20,0,2,105.5,0,2,0,62,0,0,1,5.5,2023,12.0
672,Crysencio Summerville,Midfielder,West Ham,7,776,2,20,61,2,58.7,0,1,0,33,0,0,1,5.5,2025,-6.0
673,Crysencio Summerville,Midfielder,West Ham,12,1411,1,38,0,4,88.6,0,4,0,74,0,0,4,5.5,2023,-30.0
674,Enes Ünal,Forward,Bournemouth,2,330,2,3,23,4,35.9,0,1,0,32,0,0,2,5.5,2025,26.0
675,Enes Ünal,Forward,Bournemouth,2,317,1,9,0,3,43.7,0,4,0,40,0,0,2,5.5,2024,9.0
676,Taiwo Awoniyi,Forward,Nott'm Forest,3,398,1,10,31,0,21.9,0,0,0,32,0,0,1,5.5,2025,-5.0
677,Taiwo Awoniyi,Forward,Nott'm Forest,12,1036,3,21,0,5,74.2,0,3,0,67,0,0,6,5.5,2024,12.0
678,Taiwo Awoniyi,Forward,Nott'm Forest,17,1395,5,29,0,16,95.6,0,1,0,100,0,0,10,5.5,2023,46.0
679,Micky van de Ven,Defender,Spurs,12,1014,2,17,66,2,30.9,0,2,0,32,0,0,0,4.5,2025,2.0
680,Micky van de Ven,Defender,Spurs,27,2341,5,38,0,10,70.5,0,0,0,81,0,0,3,4.5,2024,9.0
681,Marcos Senesi Barón,Defender,Bournemouth,13,1103,2,17,118,3,39.6,0,0,0,31,0,0,0,4.5,2025,9.0
682,Marcos Senesi Barón,Defender,Bournemouth,26,2239,6,44,0,13,119.7,0,5,0,102,0,0,4,4.5,2024,18.0
683,Marcos Senesi Barón,Defender,Bournemouth,29,2489,5,55,0,5,79.6,0,0,0,69,0,0,2,4.5,2023,-40.0
684,Issa Diop,Defender,Fulham,15,1334,1,19,112,0,38.3,0,0,0,31,0,1,0,4.5,2025,-11.0
685,Issa Diop,Defender,Fulham,16,1423,5,26,0,3,40.8,0,0,0,43,1,0,0,4.5,2024,-9.0
686,Issa Diop,Defender,Fulham,21,2008,7,26,0,8,58.1,0,0,0,79,0,0,1,4.5,2023,30.0
687,Nico O'Reilly,Defender,Man City,6,525,3,3,24,4,32.2,0,0,0,31,0,0,2,5.0,2025,31.0
688,Nico González Iglesias,Midfielder,Man City,9,760,6,7,76,0,27.5,0,1,0,31,0,0,1,6.0,2025,31.0
689,James McAtee,Midfielder,Man City,3,340,0,6,16,0,30.7,0,0,0,31,0,0,3,5.5,2025,-1.0
690,James McAtee,Midfielder,Man City,20,1815,2,65,0,0,106.0,0,4,0,77,0,0,3,5.5,2024,-88.0
691,Diego Gómez Amarilla,Midfielder,Brighton,4,507,0,13,71,2,33.6,0,1,0,30,0,0,1,5.0,2025,-2.0
692,John Stones,Defender,Man City,6,544,1,11,31,2,27.4,0,0,0,29,0,0,2,5.5,2025,2.0
693,John Stones,Defender,Man City,12,1061,5,9,0,3,38.7,0,0,0,53,0,0,1,5.5,2024,28.0
694,John Stones,Defender,Man City,21,1844,7,17,0,13,69.6,0,2,0,93,0,1,2,5.5,2023,60.0
695,Ollie Scarles,Defender,West Ham,7,659,2,9,54,2,18.6,0,0,0,29,0,0,0,4.5,2025,11.0
696,Evan Ferguson,Forward,Brighton,3,385,1,9,33,2,25.0,0,0,0,28,0,0,1,5.5,2025,3.0
697,Evan Ferguson,Forward,Brighton,15,1356,2,28,0,5,77.3,0,1,0,69,0,0,6,5.5,2024,-5.0
698,Evan Ferguson,Forward,Brighton,10,942,6,12,0,8,79.9,0,2,0,65,0,0,6,5.5,2023,49.0
699,Ben Davies,Defender,Spurs,14,1329,3,26,127,0,43.7,0,0,0,28,0,0,0,4.5,2025,-11.0
700,Ben Davies,Defender,Spurs,12,1085,1,21,0,0,50.3,0,2,0,34,0,0,1,4.5,2024,-20.0
701,Ben Davies,Defender,Spurs,26,2284,9,33,0,3,89.9,0,3,0,99,0,0,2,4.5,2023,18.0
702,Reiss Nelson,Midfielder,Arsenal,5,483,1,9,45,2,55.1,0,1,0,27,0,0,1,5.0,2025,7.0
703,Reiss Nelson,Midfielder,Arsenal,1,256,1,1,0,0,16.9,0,0,0,16,0,0,0,5.0,2024,6.0
705,Axel Tuanzebe,Defender,Burnley,20,1710,1,38,118,0,40.1,0,1,0,27,1,1,0,4.0,2025,-49.0
706,Michael Kayode,Defender,Brentford,6,523,2,5,41,0,24.2,0,1,0,27,0,0,0,4.5,2025,11.0
707,Kalvin Phillips,Midfielder,Man City,14,1231,1,30,163,0,33.8,0,0,0,27,1,0,0,5.0,2025,-29.0
708,Kalvin Phillips,Midfielder,Man City,3,394,0,13,0,0,9.1,0,0,0,10,1,0,0,5.0,2024,-26.0
709,Kalvin Phillips,Midfielder,Man City,2,291,1,3,0,0,12.7,0,0,0,14,0,0,0,5.0,2023,2.0
710,Alex Scott,Midfielder,Bournemouth,8,745,3,8,104,0,43.2,0,0,0,26,0,0,0,5.0,2025,17.0
711,Alex Scott,Midfielder,Bournemouth,11,1003,3,25,0,3,60.7,0,1,0,41,0,0,1,5.0,2024,-12.0
712,Wesley Fofana,Defender,Chelsea,14,1172,2,13,88,2,31.9,0,0,0,26,0,0,0,4.5,2025,11.0
713,Wesley Fofana,Defender,Chelsea,14,1362,2,24,0,4,44.4,0,0,0,37,0,0,1,4.5,2023,-9.0
714,Roméo Lavia,Midfielder,Chelsea,11,792,3,11,88,0,24.4,0,1,0,26,0,0,0,5.0,2025,11.0
716,Roméo Lavia,Midfielder,Chelsea,26,2219,4,50,0,0,64.5,0,1,0,57,0,0,1,5.0,2023,-53.0
717,Nathan Aké,Defender,Man City,8,677,3,11,36,0,15.9,0,0,0,25,0,0,0,5.5,2025,3.0
718,Nathan Aké,Defender,Man City,24,2039,6,20,0,6,89.7,0,3,0,99,0,0,2,5.5,2024,38.0
719,Nathan Aké,Defender,Man City,22,1871,9,15,0,9,73.3,0,0,0,92,0,0,1,5.5,2023,63.0
720,Mason Mount,Midfielder,Man Utd,8,613,3,11,42,0,45.6,0,0,0,25,0,0,1,6.0,2025,4.0
721,Mason Mount,Midfielder,Man Utd,5,509,1,13,0,0,27.9,0,0,0,23,0,0,1,6.0,2024,-13.0
722,Mason Mount,Midfielder,Man Utd,20,1644,8,21,0,8,117.2,0,4,0,82,0,0,3,6.0,2023,47.0
723,Radu Drăgușin,Defender,Spurs,14,1250,2,29,87,0,36.2,0,0,0,24,0,0,0,4.5,2025,-26.0
724,Radu Drăgușin,Defender,Spurs,4,424,1,7,0,0,11.0,0,0,0,14,0,0,0,4.5,2024,-4.0
725,Luis Sinisterra Lucumí,Midfielder,Bournemouth,1,229,0,4,32,2,42.3,0,1,0,23,0,0,1,5.0,2025,8.0
726,Luis Sinisterra Lucumí,Midfielder,Bournemouth,7,685,1,18,0,2,81.7,0,2,0,43,0,0,2,5.0,2024,-10.0
727,Luis Sinisterra Lucumí,Midfielder,Bournemouth,13,863,0,23,0,6,70.6,0,0,0,53,1,0,5,5.0,2023,-13.0
728,Romain Esse,Midfielder,Crystal Palace,1,138,0,3,20,3,16.4,0,2,0,22,0,0,1,5.0,2025,12.0
729,Tim Iroegbunam,Midfielder,Everton,5,562,0,16,111,0,19.6,0,1,0,22,0,0,0,5.0,2025,-12.0
730,Tim Iroegbunam,Midfielder,Everton,1,157,0,7,0,0,2.1,0,0,0,10,0,0,0,5.0,2024,-11.0
731,Leny Yoro,Defender,Man Utd,12,1160,1,24,93,0,31.8,0,0,0,22,0,0,0,4.5,2025,-21.0
732,Endo Wataru,Midfielder,Liverpool,1,259,0,5,41,0,10.0,0,0,0,21,0,0,0,5.0,2025,-1.0
733,Endo Wataru,Midfielder,Liverpool,20,1714,6,16,0,0,60.1,0,0,0,47,0,0,1,5.0,2024,15.0
734,Lewis Miley,Midfielder,Newcastle,1,304,0,4,38,1,16.7,0,0,0,21,0,0,1,4.5,2025,5.0
735,Lewis Miley,Midfielder,Newcastle,14,1203,1,29,0,1,56.7,0,3,0,44,0,0,1,4.5,2024,-30.0
737,Ibrahim Sangaré,Midfielder,Nott'm Forest,7,584,2,6,93,0,23.2,0,1,0,20,0,0,0,5.0,2025,14.0
738,Ibrahim Sangaré,Midfielder,Nott'm Forest,13,1031,4,16,0,0,32.5,0,0,0,25,0,0,0,5.0,2024,-3.0
739,Ferdi Kadıoğlu,Defender,Brighton,5,385,2,8,37,0,24.0,0,0,0,19,0,0,1,4.5,2025,3.0
740,Cheick Doucouré,Midfielder,Crystal Palace,4,443,1,6,68,0,10.8,0,1,0,19,0,0,0,5.0,2025,6.0
741,Cheick Doucouré,Midfielder,Crystal Palace,11,920,3,12,0,0,34.2,0,0,0,21,0,0,0,5.0,2024,-0.0
742,Cheick Doucouré,Midfielder,Crystal Palace,34,2770,7,41,0,3,99.8,0,3,0,74,1,0,0,5.0,2023,-11.0
743,Mark Travers,Goalkeeper,Everton,5,450,1,5,0,1,14.6,20,0,0,19,0,0,0,4.5,2025,24.0
744,Mark Travers,Goalkeeper,Everton,4,360,2,5,0,2,9.3,13,0,0,19,0,0,0,4.5,2024,23.0
745,Mark Travers,Goalkeeper,Everton,11,1035,2,32,0,1,29.1,36,0,0,28,0,0,0,4.5,2023,-4.0
747,William Osula,Forward,Newcastle,9,778,0,23,0,0,24.4,0,1,0,25,0,0,0,5.5,2024,-34.0
748,Mikey Moore,Midfielder,Spurs,3,359,0,5,19,0,11.0,0,2,0,19,0,0,0,5.0,2025,-0.0
750,Igor Julio dos Santos de Paulo,Defender,Brighton,10,959,1,17,61,0,24.9,0,0,0,18,0,0,0,4.5,2025,-12.0
751,Igor Julio dos Santos de Paulo,Defender,Brighton,17,1631,2,26,0,1,45.8,0,0,0,37,0,0,0,4.5,2024,-21.0
752,Filip Jörgensen,Goalkeeper,Chelsea,6,540,1,9,0,0,15.9,20,0,0,18,0,0,0,4.5,2025,13.0
753,Nathaniel Clyne,Defender,Crystal Palace,5,477,1,11,30,0,12.4,0,0,0,18,0,0,0,4.0,2025,-8.0
754,Nathaniel Clyne,Defender,Crystal Palace,14,1335,5,16,0,0,27.0,0,1,0,52,0,0,0,4.0,2024,8.0
755,Nathaniel Clyne,Defender,Crystal Palace,19,1638,3,23,0,0,33.6,0,0,0,44,0,0,0,4.0,2023,-13.0
756,Kiernan Dewsbury-Hall,Midfielder,Everton,2,257,0,3,26,1,12.6,0,1,0,18,0,0,0,5.0,2025,5.0
757,Kiernan Dewsbury-Hall,Midfielder,Everton,28,2305,7,41,0,5,123.7,0,3,0,82,1,0,2,5.0,2023,-7.0
758,Patrick Dorgu,Defender,Man Utd,10,840,2,12,54,1,39.4,0,0,0,18,1,0,0,4.5,2025,-2.0
759,Sven Botman,Defender,Newcastle,6,412,2,4,46,0,23.6,0,0,0,18,0,0,0,5.0,2025,11.0
760,Sven Botman,Defender,Newcastle,15,1375,3,29,0,4,55.5,0,2,0,51,0,1,2,5.0,2024,-16.0
761,Sven Botman,Defender,Newcastle,35,3127,13,30,0,8,101.0,0,2,0,129,0,0,0,5.0,2023,63.0
762,James Hill,Defender,Bournemouth,6,443,1,9,55,0,16.6,0,1,0,17,0,0,0,4.0,2025,-1.0
764,Tyrique George,Midfielder,Chelsea,1,177,1,0,9,0,17.1,0,1,0,17,0,0,1,5.0,2025,11.0
765,Emil Krafth,Defender,Newcastle,2,334,1,2,26,0,9.3,0,0,0,17,0,0,0,4.5,2025,8.0
766,Emil Krafth,Defender,Newcastle,8,909,3,15,0,1,33.8,0,0,0,33,0,0,0,4.5,2024,-2.0
768,Antonín Kinský,Goalkeeper,Spurs,6,540,1,11,0,0,21.7,24,0,0,17,0,0,0,4.0,2025,13.0
769,Kevin Danso,Defender,Spurs,9,842,1,18,97,0,34.9,0,0,0,16,0,0,0,4.5,2025,-12.0
770,Nathan Patterson,Defender,Everton,3,342,0,6,18,0,15.5,0,1,0,14,0,0,0,4.5,2025,-4.0
771,Nathan Patterson,Defender,Everton,9,1000,2,21,0,3,37.3,0,2,0,34,0,0,0,4.5,2024,-9.0
772,Nathan Patterson,Defender,Everton,14,1274,2,22,0,0,45.3,0,0,0,31,0,0,0,4.5,2023,-20.0
773,Joe Gomez,Defender,Liverpool,6,517,1,8,45,0,22.8,0,0,0,14,0,0,0,5.0,2025,-1.0
774,Joe Gomez,Defender,Liverpool,17,1772,7,19,0,2,77.7,0,2,0,76,0,0,0,5.0,2024,24.0
775,Joe Gomez,Defender,Liverpool,15,1461,8,16,0,8,39.7,0,0,0,68,0,0,0,5.0,2023,46.0
776,Abdukodir Khusanov,Defender,Man City,6,503,2,6,40,0,14.1,0,0,0,14,0,1,0,5.5,2025,2.0
777,Kyle Walker,Defender,Burnley,9,966,0,21,35,0,33.5,0,0,0,13,0,0,0,4.5,2025,-27.0
778,Kyle Walker,Defender,Burnley,30,2766,10,29,0,13,112.6,0,5,0,123,0,0,0,4.5,2024,67.0
779,Kyle Walker,Defender,Burnley,22,1953,7,20,0,0,47.7,0,0,0,69,0,0,0,4.5,2023,15.0
780,Julián Araujo Zúñiga,Defender,Bournemouth,7,492,0,10,32,0,9.2,0,0,0,12,0,0,0,4.0,2025,-11.0
781,Luis Guilherme Lira dos Santos,Midfielder,West Ham,1,139,0,5,12,0,10.8,0,0,0,12,0,0,0,5.0,2025,-6.0
782,Sam Johnstone,Goalkeeper,Wolves,7,630,0,17,0,0,20.4,23,0,0,12,0,0,0,4.5,2025,-3.0
783,Sam Johnstone,Goalkeeper,Wolves,20,1796,6,27,0,7,32.2,41,0,0,68,0,0,0,4.5,2024,57.0
784,Sam Johnstone,Goalkeeper,Wolves,9,810,3,10,0,5,17.8,26,0,0,36,0,0,0,4.5,2023,45.0
786,Emiliano Buendía Stati,Midfielder,Aston Villa,27,2404,11,34,0,8,158.5,0,3,0,117,0,0,5,5.5,2023,45.0
787,Philip Billing,Midfielder,Bournemouth,1,176,0,4,35,0,20.4,0,0,0,10,0,0,0,5.0,2025,-2.0
788,Philip Billing,Midfielder,Bournemouth,13,1385,2,36,0,3,88.3,0,3,0,60,1,0,2,5.0,2024,-34.0
789,Philip Billing,Midfielder,Bournemouth,34,2766,9,54,0,14,148.4,0,2,0,126,0,0,7,5.0,2023,21.0
791,Josh King,Midfielder,Fulham,1,126,1,0,14,0,11.2,0,0,0,10,0,0,0,4.5,2025,8.0
793,Harrison Reed,Midfielder,Fulham,15,1317,6,23,0,0,47.2,0,2,0,47,0,0,0,4.5,2024,-2.0
794,Harrison Reed,Midfielder,Fulham,35,2868,9,44,0,9,125.8,0,4,0,107,0,1,3,4.5,2023,18.0
795,Ayden Heaven,Defender,Man Utd,2,169,1,1,18,2,6.4,0,0,0,10,0,0,0,4.0,2025,13.0
798,Jason Steele,Goalkeeper,Brighton,17,1530,2,34,0,5,38.2,43,0,0,42,0,0,0,4.5,2024,18.0
799,Jason Steele,Goalkeeper,Brighton,15,1350,6,23,0,8,39.1,37,1,1,65,0,1,0,4.5,2023,61.0
801,Matheus França de Oliveira,Midfielder,Crystal Palace,1,224,0,7,0,0,16.5,0,2,0,16,0,0,0,4.5,2024,-8.0
805,Daniel Bentley,Goalkeeper,Wolves,3,382,2,7,0,1,7.1,8,0,0,18,0,0,0,4.0,2024,11.0
811,Antony dos Santos,Midfielder,Man Utd,15,1311,3,26,0,0,91.8,0,1,0,47,0,0,1,6.0,2024,-19.0
812,Antony dos Santos,Midfielder,Man Utd,23,1803,12,21,0,4,137.1,0,2,0,82,0,0,4,6.0,2023,52.0
814,Norberto Murara Neto,Goalkeeper,Bournemouth,32,2880,7,55,0,14,87.5,113,0,1,110,0,0,0,4.5,2024,120.0
815,Norberto Murara Neto,Goalkeeper,Bournemouth,27,2385,6,39,0,9,72.8,100,0,0,93,0,0,0,4.5,2023,107.0
817,Solly March,Midfielder,Brighton,7,555,2,11,0,6,46.4,0,1,0,39,0,0,3,6.0,2024,18.0
818,Solly March,Midfielder,Brighton,31,2719,10,40,0,16,271.4,0,10,0,147,0,0,6,6.0,2023,69.0
820,Benoît Badiashile Mukinayi,Defender,Chelsea,15,1337,3,31,0,4,47.5,0,1,0,35,0,1,0,4.5,2024,-25.0
821,Benoît Badiashile Mukinayi,Defender,Chelsea,10,904,4,9,0,2,35.1,0,0,0,40,0,0,1,4.5,2023,18.0
823,Mykhailo Mudryk,Midfielder,Chelsea,18,1564,7,28,0,5,122.4,0,5,0,94,0,0,5,5.0,2024,23.0
824,Mykhailo Mudryk,Midfielder,Chelsea,7,650,0,10,0,0,38.2,0,2,0,25,0,0,0,5.0,2023,-9.0
826,Odsonne Édouard,Forward,Crystal Palace,17,1545,6,24,0,9,128.0,0,0,0,79,0,0,7,5.0,2024,35.0
827,Odsonne Édouard,Forward,Crystal Palace,20,1788,5,25,0,5,113.2,0,2,0,82,0,0,5,5.0,2023,19.0
832,James Milner,Midfielder,Brighton,11,770,4,12,0,0,46.8,0,2,0,28,0,0,0,5.0,2024,5.0
833,James Milner,Midfielder,Brighton,7,889,3,12,0,0,49.5,0,1,0,42,0,0,0,5.0,2023,3.0
836,Willy Boly,Defender,Nott'm Forest,18,1437,3,26,0,7,78.1,0,1,0,58,1,0,2,4.0,2024,-0.0
837,Willy Boly,Defender,Nott'm Forest,9,684,3,10,0,7,21.0,0,1,0,37,0,0,0,4.0,2023,25.0
841,Séamus Coleman,Defender,Everton,7,661,4,10,0,3,16.5,0,0,0,30,0,1,0,4.5,2024,10.0
842,Séamus Coleman,Defender,Everton,20,1654,5,25,0,5,50.4,0,0,0,63,0,0,1,4.5,2023,9.0
844,Luke Shaw,Defender,Man Utd,12,960,4,13,0,0,42.6,0,1,0,31,0,0,0,4.5,2024,4.0
845,Luke Shaw,Defender,Man Utd,30,2552,12,35,0,20,124.2,0,4,0,124,0,0,1,4.5,2023,82.0
848,Rico Henry,Defender,Brentford,5,401,1,5,0,0,15.7,0,1,0,13,0,0,0,4.5,2024,0.0
849,Rico Henry,Defender,Brentford,37,3240,11,46,0,4,107.0,0,3,0,112,0,0,0,4.5,2023,12.0
857,Youssef Ramalho Chermiti,Forward,Everton,1,196,1,4,0,0,14.9,0,0,0,16,0,0,0,5.0,2024,-0.0
859,Rodrigo 'Rodri' Hernandez Cascante,Midfielder,Man City,34,2931,14,26,0,19,242.3,0,10,0,159,1,0,8,6.5,2024,122.0
860,Rodrigo 'Rodri' Hernandez Cascante,Midfielder,Man City,34,2911,11,26,0,7,176.9,0,6,0,108,0,0,2,6.5,2023,63.0
862,Oscar Bobb,Midfielder,Man City,2,294,1,5,0,2,36.0,0,2,0,30,0,0,1,5.5,2024,9.0
868,Frank Onyeka,Midfielder,Brentford,11,1147,1,27,0,0,62.6,0,2,0,39,0,0,1,5.0,2024,-31.0
869,Frank Onyeka,Midfielder,Brentford,8,837,3,11,0,0,34.2,0,3,0,38,0,0,0,5.0,2023,6.0
876,Tyrell Malacia,Defender,Man Utd,14,1391,7,14,0,8,45.3,0,0,0,62,0,0,0,4.0,2023,45.0
879,Matt Targett,Defender,Newcastle,6,600,3,6,0,2,26.3,0,0,0,35,0,0,0,4.0,2023,16.0
888,Jeremy Sarmiento Morante,Midfielder,Brighton,1,168,1,2,0,0,12.9,0,2,0,16,0,0,0,5.0,2023,5.0
898,Maxwel Cornet,Midfielder,West Ham,1,109,0,3,0,0,14.6,0,0,0,13,0,0,1,5.0,2024,-2.0
899,Maxwel Cornet,Midfielder,West Ham,2,232,0,5,0,0,12.5,0,0,0,14,0,0,0,5.0,2023,-6.0
903,Boubacar Traoré,Midfielder,Wolves,7,802,0,23,0,0,25.2,0,0,0,25,0,0,0,5.0,2024,-35.0
904,Boubacar Traoré,Midfielder,Wolves,4,405,0,9,0,0,7.9,0,1,0,14,0,0,0,5.0,2023,-11.0
905,Fábio Ferreira Vieira,Midfielder,Arsenal,2,290,1,2,0,0,25.5,0,3,0,24,1,0,1,5.5,2024,5.0
906,Fábio Ferreira Vieira,Midfielder,Arsenal,3,500,2,5,0,2,41.5,0,2,0,40,0,0,1,5.5,2023,16.0
907,Albert Sambi Lokonga,Midfielder,Arsenal,16,1304,2,31,0,4,49.9,0,3,0,47,0,0,1,4.5,2024,-20.0
908,Albert Sambi Lokonga,Midfielder,Arsenal,8,728,2,8,0,0,17.6,0,0,0,23,0,0,0,4.5,2023,2.0
909,Lewis Dobbin,Midfielder,Aston Villa,1,226,1,3,0,0,17.7,0,0,0,18,0,0,1,5.0,2024,3.0
910,Leander Dendoncker,Midfielder,Aston Villa,1,118,0,3,0,3,10.0,0,1,0,20,0,0,1,4.5,2024,8.0
911,Leander Dendoncker,Midfielder,Aston Villa,9,897,4,14,0,0,30.6,0,0,0,37,0,0,0,4.5,2023,1.0
912,Connor Roberts,Defender,Burnley,8,817,0,23,0,0,25.7,0,1,0,12,1,0,0,4.5,2024,-40.0
914,Hjalmar Ekdal,Defender,Burnley,5,436,1,8,0,3,10.7,0,0,0,15,0,0,0,4.0,2024,3.0
915,Maxime Estève,Defender,Burnley,15,1310,0,28,0,0,29.9,0,0,0,15,0,0,0,4.0,2024,-41.0
916,Jordan Beyer,Defender,Burnley,15,1234,2,23,0,4,41.3,0,1,0,30,0,0,0,4.0,2024,-9.0
917,Joe Worrall,Defender,Burnley,5,438,1,9,0,3,13.0,0,0,0,13,1,0,0,4.0,2024,-4.0
918,Joe Worrall,Defender,Burnley,21,2215,5,44,0,2,67.5,0,0,0,61,0,0,1,4.0,2023,-32.0
920,Jaidon Anthony,Midfielder,Burnley,11,1241,2,29,0,4,78.1,0,1,0,61,0,0,3,5.5,2023,-15.0
922,Jacob Bruun Larsen,Midfielder,Burnley,16,1235,3,23,0,7,119.5,0,0,0,82,0,0,6,5.5,2024,15.0
923,Josh Cullen,Midfielder,Burnley,23,2055,0,48,0,5,98.9,0,4,0,65,0,0,2,5.0,2024,-47.0
924,Hannibal Mejbri,Midfielder,Burnley,1,131,1,1,0,0,9.0,0,0,0,11,0,0,1,5.0,2024,6.0
925,Luca Koleosho,Midfielder,Burnley,13,972,3,23,0,0,44.5,0,2,0,40,0,0,1,5.0,2024,-17.0
926,Aaron Ramsey,Midfielder,Burnley,5,522,0,17,0,0,12.7,0,0,0,18,0,0,0,4.5,2024,-27.0
927,Mike Trésor Ndayishimiye,Midfielder,Burnley,3,410,0,10,0,0,18.0,0,0,0,20,0,0,0,4.5,2024,-14.0
928,Lesley Ugochukwu,Midfielder,Burnley,18,1652,1,39,164,3,55.9,0,1,0,47,0,0,1,5.0,2025,-25.0
929,Lesley Ugochukwu,Midfielder,Burnley,3,296,1,6,0,0,10.9,0,0,0,13,0,0,0,5.0,2024,-4.0
930,Zeki Amdouni,Forward,Burnley,27,1953,5,41,0,11,112.4,0,1,0,85,0,0,5,5.0,2024,6.0
931,Lyle Foster,Forward,Burnley,22,1898,2,43,0,4,109.6,0,3,0,75,1,0,5,5.0,2024,-35.0
933,Armando Broja,Forward,Burnley,4,327,2,2,17,0,10.9,0,0,0,12,0,0,0,5.5,2025,10.0
934,Armando Broja,Forward,Burnley,6,529,3,9,0,0,29.0,0,2,0,35,0,0,1,5.5,2024,6.0
935,Armando Broja,Forward,Burnley,2,285,1,5,0,0,19.7,0,1,0,21,0,0,1,5.5,2023,1.0
936,Đorđe Petrović,Goalkeeper,Bournemouth,22,1986,5,38,0,5,56.8,75,0,0,71,0,0,0,4.5,2024,62.0
938,Chris Mepham,Defender,Bournemouth,6,613,1,16,0,0,21.0,0,1,0,16,0,0,0,4.0,2024,-19.0
939,Chris Mepham,Defender,Bournemouth,24,2197,5,52,0,6,74.4,0,0,0,43,0,2,0,4.0,2023,-49.0
942,Hamed Traorè,Midfielder,Bournemouth,5,425,2,8,0,0,33.8,0,0,0,14,0,0,0,4.5,2023,-2.0
944,Aaron Hickey,Defender,Brentford,9,713,2,12,0,0,12.9,0,0,0,17,0,0,0,4.0,2024,-7.0
945,Aaron Hickey,Defender,Brentford,23,1918,5,30,0,2,45.1,0,3,0,63,0,0,0,4.0,2023,-5.0
946,Jordan Henderson,Midfielder,Brentford,23,2060,8,30,0,0,103.0,0,3,0,69,0,0,0,5.0,2023,4.0
951,Rob Holding,Defender,Crystal Palace,6,562,0,13,0,0,21.6,0,0,0,21,0,0,1,4.0,2023,-17.0
961,Illan Meslier,Goalkeeper,Leeds,34,3060,5,67,0,8,75.9,94,0,0,90,0,0,0,4.5,2023,44.0
962,Jayden Bogle,Defender,Leeds,32,2787,3,79,0,0,103.7,0,3,0,63,0,1,3,4.5,2024,-110.0
963,Pascal Struijk,Defender,Leeds,26,2198,4,52,0,4,102.9,0,2,0,66,0,0,2,4.5,2023,-42.0
964,Brenden Aaronson,Midfielder,Leeds,28,2365,5,58,0,0,141.9,0,4,0,83,0,0,1,5.5,2023,-58.0
965,Wilfried Gnonto,Midfielder,Leeds,14,1346,4,28,0,6,84.9,0,4,0,55,0,0,2,5.5,2023,4.0
966,Daniel James,Midfielder,Leeds,7,802,1,18,0,2,49.6,0,1,0,45,0,0,2,5.5,2023,-10.0
967,Sam Greenwood,Midfielder,Leeds,3,410,0,11,0,1,41.6,0,2,0,30,0,0,1,5.0,2023,-8.0
968,Joe Gelhardt,Midfielder,Leeds,1,201,0,3,0,0,19.4,0,2,0,20,0,0,0,4.5,2023,0.0
970,Patrick Bamford,Forward,Leeds,18,1510,1,31,0,3,99.6,0,5,0,70,0,0,4,5.0,2023,-17.0
975,Stefan Bajčetić Maquieira,Midfielder,Liverpool,6,522,3,4,0,0,22.8,0,0,0,22,0,0,1,4.5,2023,13.0
977,James Trafford,Goalkeeper,Man City,28,2520,2,62,0,5,90.7,106,0,0,70,0,0,0,5.0,2024,38.0
979,Odysseas Vlachodimos,Goalkeeper,Newcastle,5,450,1,12,0,0,11.2,10,0,0,12,0,0,0,4.0,2024,-4.0
980,Aaron Ramsdale,Goalkeeper,Newcastle,30,2700,3,66,0,11,98.3,125,0,2,97,0,0,0,5.0,2025,88.0
981,Aaron Ramsdale,Goalkeeper,Newcastle,6,540,2,5,0,0,7.3,9,0,0,20,0,0,0,5.0,2024,14.0
982,Aaron Ramsdale,Goalkeeper,Newcastle,38,3420,14,43,0,9,76.5,94,0,0,143,0,0,0,5.0,2023,140.0
983,Jamaal Lascelles,Defender,Newcastle,13,1077,5,15,0,3,33.8,0,0,0,46,0,0,1,4.5,2024,16.0
987,Matt Turner,Goalkeeper,Nott'm Forest,17,1530,2,28,0,0,37.9,55,0,0,41,0,0,0,4.0,2024,27.0
988,Lewis O'Brien,Midfielder,Nott'm Forest,6,578,1,14,0,0,21.1,0,0,0,22,0,0,1,5.0,2023,-15.0
989,Granit Xhaka,Midfielder,Sunderland,36,2992,13,35,0,15,194.8,0,8,0,153,0,0,7,5.0,2023,89.0
990,Manor Solomon,Midfielder,Spurs,2,196,0,2,0,2,28.0,0,2,0,14,0,0,0,5.5,2024,8.0
991,Manor Solomon,Midfielder,Spurs,4,560,0,11,0,1,43.4,0,0,0,44,0,0,4,5.5,2023,-5.0
992,Bryan Gil Salvatierra,Midfielder,Spurs,2,200,0,11,0,0,15.9,0,0,0,12,0,0,0,5.0,2024,-19.0
994,João Maria Lobo Alves Palhares Costa Palhinha Gonçalves,Midfielder,Spurs,31,2698,9,46,0,8,124.5,0,1,0,91,0,0,4,5.5,2024,10.0
995,João Maria Lobo Alves Palhares Costa Palhinha Gonçalves,Midfielder,Spurs,35,3108,9,43,0,5,105.5,0,0,0,83,0,1,3,5.5,2023,3.0
996,Wes Foderingham,Goalkeeper,West Ham,29,2648,1,79,0,7,97.7,133,0,0,70,0,1,0,4.0,2024,29.0
997,Mads Hermansen,Goalkeeper,West Ham,27,2385,1,58,0,1,82.8,103,0,1,63,0,0,0,4.5,2025,31.0
998,Nayef Aguerd,Defender,West Ham,21,1857,2,44,0,0,64.4,0,0,0,36,1,0,1,4.5,2024,-61.0
999,Nayef Aguerd,Defender,West Ham,17,1594,5,28,0,5,61.4,0,0,0,58,0,0,2,4.5,2023,3.0
1000,Kyle Walker-Peters,Defender,West Ham,33,2918,2,77,153,3,114.4,0,3,0,54,0,0,0,4.5,2025,-83.0
1001,Kyle Walker-Peters,Defender,West Ham,30,2650,3,58,0,2,91.9,0,0,0,56,0,0,1,4.5,2023,-64.0
1003,Callum Wilson,Forward,West Ham,2,355,0,7,15,0,12.1,0,0,0,19,0,0,0,6.0,2025,-7.0
1004,Callum Wilson,Forward,West Ham,9,981,6,15,0,4,103.2,0,1,0,69,0,0,9,6.0,2024,34.0
1005,Callum Wilson,Forward,West Ham,21,1870,10,16,0,20,200.9,0,6,0,157,0,0,18,6.0,2023,128.0
1006,Hugo Bueno López,Defender,Wolves,7,727,2,16,0,0,29.0,0,0,0,29,0,1,0,4.5,2024,-19.0
1007,Hugo Bueno López,Defender,Wolves,16,1307,3,29,0,3,57.2,0,1,0,41,0,0,0,4.5,2023,-18.0
1012,Saša Kalajdžić,Forward,Wolves,1,158,1,2,0,4,20.7,0,0,0,24,0,0,2,5.0,2024,18.0
